[{"model": "contenttypes.contenttype", "pk": 1, "fields": {"app_label": "admin", "model": "logentry"}}, {"model": "contenttypes.contenttype", "pk": 2, "fields": {"app_label": "auth", "model": "permission"}}, {"model": "contenttypes.contenttype", "pk": 3, "fields": {"app_label": "auth", "model": "user"}}, {"model": "contenttypes.contenttype", "pk": 4, "fields": {"app_label": "auth", "model": "group"}}, {"model": "contenttypes.contenttype", "pk": 5, "fields": {"app_label": "contenttypes", "model": "contenttype"}}, {"model": "contenttypes.contenttype", "pk": 6, "fields": {"app_label": "sessions", "model": "session"}}, {"model": "contenttypes.contenttype", "pk": 7, "fields": {"app_label": "resthampton_app", "model": "songpart"}}, {"model": "contenttypes.contenttype", "pk": 8, "fields": {"app_label": "resthampton_app", "model": "song"}}, {"model": "contenttypes.contenttype", "pk": 9, "fields": {"app_label": "resthampton_app", "model": "bar"}}, {"model": "contenttypes.contenttype", "pk": 10, "fields": {"app_label": "resthampton_app", "model": "person"}}, {"model": "contenttypes.contenttype", "pk": 11, "fields": {"app_label": "resthampton_app", "model": "songtoperson"}}, {"model": "contenttypes.contenttype", "pk": 12, "fields": {"app_label": "resthampton_app", "model": "album"}}, {"model": "contenttypes.contenttype", "pk": 13, "fields": {"app_label": "resthampton_app", "model": "songparttoperson"}}, {"model": "sessions.session", "pk": "e929v0t4eaj3sbnqsij4r3w2enq6vgmx", "fields": {"session_data": "YTI4NWJmNmEwYmYxMWQ2ZTA3MGZkY2U5NTM4MDFmMDc4MzM5YWZmZTp7Il9hdXRoX3VzZXJfaWQiOiIxIiwiX2F1dGhfdXNlcl9iYWNrZW5kIjoiZGphbmdvLmNvbnRyaWIuYXV0aC5iYWNrZW5kcy5Nb2RlbEJhY2tlbmQiLCJfYXV0aF91c2VyX2hhc2giOiIzZWMzZGFlYTIwZDFiNWE2ZjZhY2FmOTE1NTVhYWNhNzVhYzNmMjE1In0=", "expire_date": "2018-03-09T21:22:52.550Z"}}, {"model": "resthampton_app.album", "pk": 1, "fields": {"name": "Saturation I", "img_lg": "media/albums/large/src_saturation_1_lylwhap.jpg", "img_md": "", "img_sm": "", "year": "2017-06-07T21:23:09Z", "runtime": null}}, {"model": "resthampton_app.album", "pk": 2, "fields": {"name": "Saturation II", "img_lg": "media/albums/large/src_saturation_2_ck6RBEV.jpg", "img_md": "", "img_sm": "", "year": "2017-08-28T21:23:25Z", "runtime": null}}, {"model": "resthampton_app.album", "pk": 3, "fields": {"name": "Saturation III", "img_lg": "media/albums/large/src_saturation_3_7G10vqm.jpg", "img_md": "", "img_sm": "", "year": "2017-12-24T21:23:35Z", "runtime": null}}, {"model": "resthampton_app.song", "pk": 1, "fields": {"name": "Gummy", "runtime": null, "album": 2, "position": 1}}, {"model": "resthampton_app.song", "pk": 2, "fields": {"name": "Queer", "runtime": null, "album": 2, "position": 2}}, {"model": "resthampton_app.song", "pk": 3, "fields": {"name": "Jello", "runtime": null, "album": 2, "position": 3}}, {"model": "resthampton_app.song", "pk": 4, "fields": {"name": "Teeth", "runtime": null, "album": 2, "position": 4}}, {"model": "resthampton_app.song", "pk": 5, "fields": {"name": "Swamp", "runtime": null, "album": 2, "position": 5}}, {"model": "resthampton_app.song", "pk": 6, "fields": {"name": "Scene 1", "runtime": null, "album": 2, "position": 6}}, {"model": "resthampton_app.song", "pk": 7, "fields": {"name": "Tokyo", "runtime": null, "album": 2, "position": 7}}, {"model": "resthampton_app.song", "pk": 8, "fields": {"name": "Jesus", "runtime": null, "album": 2, "position": 8}}, {"model": "resthampton_app.song", "pk": 9, "fields": {"name": "Chick", "runtime": null, "album": 2, "position": 9}}, {"model": "resthampton_app.song", "pk": 10, "fields": {"name": "Junky", "runtime": null, "album": 2, "position": 10}}, {"model": "resthampton_app.song", "pk": 11, "fields": {"name": "Scene 2", "runtime": null, "album": 2, "position": 11}}, {"model": "resthampton_app.song", "pk": 12, "fields": {"name": "Fight", "runtime": null, "album": 2, "position": 12}}, {"model": "resthampton_app.song", "pk": 13, "fields": {"name": "Sweet", "runtime": null, "album": 2, "position": 13}}, {"model": "resthampton_app.song", "pk": 14, "fields": {"name": "Gamba", "runtime": null, "album": 2, "position": 14}}, {"model": "resthampton_app.song", "pk": 15, "fields": {"name": "Sunny", "runtime": null, "album": 2, "position": 15}}, {"model": "resthampton_app.song", "pk": 16, "fields": {"name": "Summer", "runtime": null, "album": 2, "position": 16}}, {"model": "resthampton_app.songpart", "pk": 1, "fields": {"partType": "Verse", "runtime": null, "song": 1, "position": 1, "lyrics": "These niggas take me for granted, what would hap' if I vanish?\r\nBet a hunnid they'd panic, my shooters only speak Spanish\r\nKeep my heart with my dogs, keep my car in the yard\r\nI can't drive it nowhere so I'll let you niggas take off\r\nSeen the shit that they drop, that shit not instantly hot\r\nI give that instant re-bop, that replay value go off\r\nThat make my value go up, I keep that bow in my cup\r\nMy niggas rolling, got that going with a thousand to bust\r\nThat nigga Kevin can't rap, he too sappy with his shit\r\nHe don't rep me with his shit, he on that teenage bullshit\r\nAnd he 'bout 20 and shit? When he let go of that shit?\r\nHe'll prolly be a little colder, y'all agree with me? Shit\r\nThat nigga need to act his age, he ain't acting like a grown up\r\nAin't that boy from Texas? He ain't acting like a soldier\r\nKnew that boy in high school, man, that nigga wasn't awkward\r\nAnd I know his mama, man, that nigga just a liar"}}, {"model": "resthampton_app.songpart", "pk": 2, "fields": {"partType": "Hook", "runtime": null, "song": 1, "position": 2, "lyrics": "Cash don't last, my friends will ride with me\r\nKeep 'em in my bag, we robbed a limousine\r\nWhen the guns go pow, won't bother us again\r\nI don't wanna do it but they keep on pushing me"}}, {"model": "resthampton_app.songpart", "pk": 3, "fields": {"partType": "Bridge", "runtime": null, "song": 1, "position": 3, "lyrics": "Cash don't mean shit (shit), cried my last tears, bitch\r\nCashed my last check (check), cash don't mean shit (shit)\r\nCash don't mean shit (shit), cried my last tears, bitch\r\nCashed my last check (check), cash don't mean shit (shit)"}}, {"model": "resthampton_app.songpart", "pk": 4, "fields": {"partType": "Verse", "runtime": null, "song": 1, "position": 4, "lyrics": "Call me king of the niggas, I need a crown made of thorns\r\nGod said, \"Let there be light\", on the day I was born\r\nStep off the ship with the slaves, then I go hit the stage\r\nI just left in a whip, all I need is a chain\r\nI don't trust no niggas, and I don't trust no bitch\r\n'Cause people talk too much, I bought a black fo'-fifth\r\nAnd a brand new clip, that's my new best friend\r\n'Cause I'm a brand new nigga, in a brand new crib\r\nI ain't sellin' no more, but got my hand in the zip\r\nWhitey gave me the check, I ain't ask for the fame\r\nI used to deal with the grams, 'til they put the cam on my face\r\nNow I'm evading the law, I'm on a high-speed chase\r\nI'm in a big ass truck, I tell 'em get out the way\r\nI gotta couple of warrants, so I'm leaving my state\r\nNow I'm in Cali today, with the sun on my face\r\nI got a bag of the gas, and a blunt I can face"}}, {"model": "resthampton_app.songpart", "pk": 5, "fields": {"partType": "Verse", "runtime": null, "song": 1, "position": 5, "lyrics": "How I'm gon' move at your pace? I'm busy settin' the tone\r\nYou think we runnin' together? I'm in a lane of my own\r\nDon't got no friends in this game, it's me and my brothers alone\r\nThey thinkin' that we competing, that shit depletin' my bones\r\nI don't need all that energy, they just fuck up my chakras\r\nI put my heart in a locker, they love me when I'm a martyr\r\nThey hate me when I'm myself, I can't barter with that\r\nYou watch us charter these tracks, it's sticking like tartar and plaque\r\nI need a parlour of plaques, need lobsters and helicopters\r\nI need peace for my niggas, need darker skin for all my doctors\r\nI like to speak like a scholar, like to think like a nigga\r\nIn this world I can't wander, no honor behind the trigger\r\nI could get shot in my back and they'd tell the world that I fought 'em\r\n\"We ain't taught 'em nothin' new, but somehow they been gettin' smarter\"\r\nThat's what they sayin' in private, speaking from that entitlement\r\nWe still workin' for titles and makin' tidal environments"}}, {"model": "resthampton_app.songpart", "pk": 6, "fields": {"partType": "Hook", "runtime": null, "song": 1, "position": 6, "lyrics": "Cash don't last, my friends will ride with me\r\nKeep 'em in my bag, we robbed a limousine\r\nWhen the guns go pow, won't bother us again\r\nI don't wanna do it but they keep on pushing me\r\nCash don't last, my friends will ride with me\r\nKeep 'em in my bag, we robbed a limousine\r\nWhen the guns go pow, won't bother us again\r\nI don't wanna do it but they keep on pushing me"}}, {"model": "resthampton_app.songpart", "pk": 7, "fields": {"partType": "Bridge", "runtime": null, "song": 1, "position": 7, "lyrics": "Fuck, put ya ante up, riding in the limousine\r\nI'm stuck on some bud I hit, underground, we can't compete\r\nFuck all this energy, you just wanna bring me down\r\nFuck all your energy, you just wanna bring me down\r\nFuck, put the windows up, blowin' past the exit now\r\nUp like a money shot, swerve into the sunset\r\nMe and all my boys jet, swerving like a doughnut\r\nOff, off, off, off, swerving like a doughnut"}}, {"model": "resthampton_app.songpart", "pk": 8, "fields": {"partType": "Outro", "runtime": null, "song": 1, "position": 8, "lyrics": "Nigga, whaaaat?\r\nPull up, pull up, pull up, pull up, pull up if you want to\r\nNigga, whaaaat?\r\nPull up, pull up, pull up, pull up, pull up if you want to\r\nNigga, whaaaat?\r\nPull up, pull up, pull up, pull up, pull up if you want to\r\nNigga, whaaaat? Y-yo"}}, {"model": "resthampton_app.person", "pk": 1, "fields": {"name": "Kevin Abstract", "img_lg": "media/albums/large/ka.png", "img_md": "", "img_sm": ""}}, {"model": "resthampton_app.person", "pk": 2, "fields": {"name": "Ameer Vann", "img_lg": "media/albums/large/av.jpg", "img_md": "", "img_sm": ""}}, {"model": "resthampton_app.person", "pk": 3, "fields": {"name": "Dom McLennon", "img_lg": "media/albums/large/dm.jpg", "img_md": "", "img_sm": ""}}, {"model": "resthampton_app.person", "pk": 4, "fields": {"name": "Merlyn Wood", "img_lg": "media/albums/large/mw.jpg", "img_md": "", "img_sm": ""}}, {"model": "resthampton_app.person", "pk": 5, "fields": {"name": "Matt Champion", "img_lg": "media/albums/large/mc.jpg", "img_md": "", "img_sm": ""}}, {"model": "resthampton_app.person", "pk": 6, "fields": {"name": "Joba", "img_lg": "media/albums/large/j.png", "img_md": "", "img_sm": ""}}, {"model": "resthampton_app.person", "pk": 7, "fields": {"name": "Bear//Face", "img_lg": "media/albums/large/bf.jpg", "img_md": "", "img_sm": ""}}, {"model": "resthampton_app.person", "pk": 8, "fields": {"name": "Romil Hemnani", "img_lg": "media/albums/large/rh.jpg", "img_md": "", "img_sm": ""}}, {"model": "resthampton_app.person", "pk": 9, "fields": {"name": "Jabari Manwa", "img_lg": "", "img_md": "", "img_sm": ""}}, {"model": "resthampton_app.person", "pk": 10, "fields": {"name": "Kiko Merley", "img_lg": "", "img_md": "", "img_sm": ""}}, {"model": "resthampton_app.person", "pk": 11, "fields": {"name": "Henock Sileshi", "img_lg": "", "img_md": "", "img_sm": ""}}, {"model": "resthampton_app.person", "pk": 12, "fields": {"name": "Ashlan Grey", "img_lg": "", "img_md": "", "img_sm": ""}}, {"model": "resthampton_app.person", "pk": 13, "fields": {"name": "Robert Ontenient", "img_lg": "", "img_md": "", "img_sm": ""}}, {"model": "resthampton_app.person", "pk": 14, "fields": {"name": "Jon Nunes", "img_lg": "", "img_md": "", "img_sm": ""}}, {"model": "resthampton_app.person", "pk": 15, "fields": {"name": "Rodney Tenor", "img_lg": "", "img_md": "", "img_sm": ""}}, {"model": "resthampton_app.person", "pk": 16, "fields": {"name": "Albert Gordon", "img_lg": "", "img_md": "", "img_sm": ""}}, {"model": "resthampton_app.person", "pk": 17, "fields": {"name": "Franklin Mendez", "img_lg": "", "img_md": "", "img_sm": ""}}, {"model": "resthampton_app.person", "pk": 18, "fields": {"name": "Grayson Glynn Carter", "img_lg": "", "img_md": "", "img_sm": ""}}, {"model": "resthampton_app.person", "pk": 19, "fields": {"name": "Anish Ochani", "img_lg": "", "img_md": "", "img_sm": ""}}, {"model": "resthampton_app.person", "pk": 20, "fields": {"name": "Kevin Doan", "img_lg": "", "img_md": "", "img_sm": ""}}, {"model": "resthampton_app.songparttoperson", "pk": 1, "fields": {"relationshipType": "Writer", "person": 1, "songPart": 1}}, {"model": "resthampton_app.songparttoperson", "pk": 2, "fields": {"relationshipType": "Writer", "person": 1, "songPart": 2}}, {"model": "resthampton_app.songparttoperson", "pk": 3, "fields": {"relationshipType": "Writer", "person": 4, "songPart": 3}}, {"model": "resthampton_app.songparttoperson", "pk": 4, "fields": {"relationshipType": "Writer", "person": 2, "songPart": 4}}, {"model": "resthampton_app.songparttoperson", "pk": 5, "fields": {"relationshipType": "Writer", "person": 3, "songPart": 5}}, {"model": "resthampton_app.songparttoperson", "pk": 6, "fields": {"relationshipType": "Writer", "person": 1, "songPart": 6}}, {"model": "resthampton_app.songparttoperson", "pk": 7, "fields": {"relationshipType": "Writer", "person": 5, "songPart": 7}}, {"model": "resthampton_app.songparttoperson", "pk": 8, "fields": {"relationshipType": "Writer", "person": 1, "songPart": 8}}, {"model": "resthampton_app.songparttoperson", "pk": 9, "fields": {"relationshipType": "Writer", "person": 6, "songPart": 8}}, {"model": "resthampton_app.songtoperson", "pk": 1, "fields": {"relationshipType": "Producer", "person": 8, "song": 1}}, {"model": "auth.permission", "pk": 1, "fields": {"name": "Can add log entry", "content_type": 1, "codename": "add_logentry"}}, {"model": "auth.permission", "pk": 2, "fields": {"name": "Can change log entry", "content_type": 1, "codename": "change_logentry"}}, {"model": "auth.permission", "pk": 3, "fields": {"name": "Can delete log entry", "content_type": 1, "codename": "delete_logentry"}}, {"model": "auth.permission", "pk": 4, "fields": {"name": "Can add permission", "content_type": 2, "codename": "add_permission"}}, {"model": "auth.permission", "pk": 5, "fields": {"name": "Can change permission", "content_type": 2, "codename": "change_permission"}}, {"model": "auth.permission", "pk": 6, "fields": {"name": "Can delete permission", "content_type": 2, "codename": "delete_permission"}}, {"model": "auth.permission", "pk": 7, "fields": {"name": "Can add user", "content_type": 3, "codename": "add_user"}}, {"model": "auth.permission", "pk": 8, "fields": {"name": "Can change user", "content_type": 3, "codename": "change_user"}}, {"model": "auth.permission", "pk": 9, "fields": {"name": "Can delete user", "content_type": 3, "codename": "delete_user"}}, {"model": "auth.permission", "pk": 10, "fields": {"name": "Can add group", "content_type": 4, "codename": "add_group"}}, {"model": "auth.permission", "pk": 11, "fields": {"name": "Can change group", "content_type": 4, "codename": "change_group"}}, {"model": "auth.permission", "pk": 12, "fields": {"name": "Can delete group", "content_type": 4, "codename": "delete_group"}}, {"model": "auth.permission", "pk": 13, "fields": {"name": "Can add content type", "content_type": 5, "codename": "add_contenttype"}}, {"model": "auth.permission", "pk": 14, "fields": {"name": "Can change content type", "content_type": 5, "codename": "change_contenttype"}}, {"model": "auth.permission", "pk": 15, "fields": {"name": "Can delete content type", "content_type": 5, "codename": "delete_contenttype"}}, {"model": "auth.permission", "pk": 16, "fields": {"name": "Can add session", "content_type": 6, "codename": "add_session"}}, {"model": "auth.permission", "pk": 17, "fields": {"name": "Can change session", "content_type": 6, "codename": "change_session"}}, {"model": "auth.permission", "pk": 18, "fields": {"name": "Can delete session", "content_type": 6, "codename": "delete_session"}}, {"model": "auth.permission", "pk": 19, "fields": {"name": "Can add song part", "content_type": 7, "codename": "add_songpart"}}, {"model": "auth.permission", "pk": 20, "fields": {"name": "Can change song part", "content_type": 7, "codename": "change_songpart"}}, {"model": "auth.permission", "pk": 21, "fields": {"name": "Can delete song part", "content_type": 7, "codename": "delete_songpart"}}, {"model": "auth.permission", "pk": 22, "fields": {"name": "Can add song", "content_type": 8, "codename": "add_song"}}, {"model": "auth.permission", "pk": 23, "fields": {"name": "Can change song", "content_type": 8, "codename": "change_song"}}, {"model": "auth.permission", "pk": 24, "fields": {"name": "Can delete song", "content_type": 8, "codename": "delete_song"}}, {"model": "auth.permission", "pk": 25, "fields": {"name": "Can add bar", "content_type": 9, "codename": "add_bar"}}, {"model": "auth.permission", "pk": 26, "fields": {"name": "Can change bar", "content_type": 9, "codename": "change_bar"}}, {"model": "auth.permission", "pk": 27, "fields": {"name": "Can delete bar", "content_type": 9, "codename": "delete_bar"}}, {"model": "auth.permission", "pk": 28, "fields": {"name": "Can add person", "content_type": 10, "codename": "add_person"}}, {"model": "auth.permission", "pk": 29, "fields": {"name": "Can change person", "content_type": 10, "codename": "change_person"}}, {"model": "auth.permission", "pk": 30, "fields": {"name": "Can delete person", "content_type": 10, "codename": "delete_person"}}, {"model": "auth.permission", "pk": 31, "fields": {"name": "Can add song to person", "content_type": 11, "codename": "add_songtoperson"}}, {"model": "auth.permission", "pk": 32, "fields": {"name": "Can change song to person", "content_type": 11, "codename": "change_songtoperson"}}, {"model": "auth.permission", "pk": 33, "fields": {"name": "Can delete song to person", "content_type": 11, "codename": "delete_songtoperson"}}, {"model": "auth.permission", "pk": 34, "fields": {"name": "Can add album", "content_type": 12, "codename": "add_album"}}, {"model": "auth.permission", "pk": 35, "fields": {"name": "Can change album", "content_type": 12, "codename": "change_album"}}, {"model": "auth.permission", "pk": 36, "fields": {"name": "Can delete album", "content_type": 12, "codename": "delete_album"}}, {"model": "auth.permission", "pk": 37, "fields": {"name": "Can add song part to person", "content_type": 13, "codename": "add_songparttoperson"}}, {"model": "auth.permission", "pk": 38, "fields": {"name": "Can change song part to person", "content_type": 13, "codename": "change_songparttoperson"}}, {"model": "auth.permission", "pk": 39, "fields": {"name": "Can delete song part to person", "content_type": 13, "codename": "delete_songparttoperson"}}, {"model": "auth.user", "pk": 1, "fields": {"password": "pbkdf2_sha256$30000$dLnApzrFH2Ys$a6wyQTYC6us2uD0HOPlBKmXFp1RSljFrIpcAwDwvi4I=", "last_login": "2018-02-23T21:22:52.547Z", "is_superuser": true, "username": "jackrabbit", "first_name": "", "last_name": "", "email": "", "is_staff": true, "is_active": true, "date_joined": "2018-02-23T21:22:37.093Z", "groups": [], "user_permissions": []}}, {"model": "admin.logentry", "pk": 1, "fields": {"action_time": "2018-02-23T21:23:19.665Z", "user": 1, "content_type": 12, "object_id": "1", "object_repr": "Saturation I", "action_flag": 1, "change_message": "[{\"added\": {}}]"}}, {"model": "admin.logentry", "pk": 2, "fields": {"action_time": "2018-02-23T21:23:35.062Z", "user": 1, "content_type": 12, "object_id": "2", "object_repr": "Saturation II", "action_flag": 1, "change_message": "[{\"added\": {}}]"}}, {"model": "admin.logentry", "pk": 3, "fields": {"action_time": "2018-02-23T21:23:50.776Z", "user": 1, "content_type": 12, "object_id": "3", "object_repr": "Saturation III", "action_flag": 1, "change_message": "[{\"added\": {}}]"}}, {"model": "admin.logentry", "pk": 4, "fields": {"action_time": "2018-02-23T21:24:34.134Z", "user": 1, "content_type": 8, "object_id": "1", "object_repr": "Gummy", "action_flag": 1, "change_message": "[{\"added\": {}}]"}}, {"model": "admin.logentry", "pk": 5, "fields": {"action_time": "2018-02-23T21:24:42.199Z", "user": 1, "content_type": 8, "object_id": "2", "object_repr": "Queer", "action_flag": 1, "change_message": "[{\"added\": {}}]"}}, {"model": "admin.logentry", "pk": 6, "fields": {"action_time": "2018-02-23T21:24:51.196Z", "user": 1, "content_type": 8, "object_id": "3", "object_repr": "Jello", "action_flag": 1, "change_message": "[{\"added\": {}}]"}}, {"model": "admin.logentry", "pk": 7, "fields": {"action_time": "2018-02-23T21:24:57.340Z", "user": 1, "content_type": 8, "object_id": "4", "object_repr": "Teeth", "action_flag": 1, "change_message": "[{\"added\": {}}]"}}, {"model": "admin.logentry", "pk": 8, "fields": {"action_time": "2018-02-23T21:25:09.464Z", "user": 1, "content_type": 8, "object_id": "5", "object_repr": "Swamp", "action_flag": 1, "change_message": "[{\"added\": {}}]"}}, {"model": "admin.logentry", "pk": 9, "fields": {"action_time": "2018-02-23T21:25:16.267Z", "user": 1, "content_type": 8, "object_id": "6", "object_repr": "Scene 1", "action_flag": 1, "change_message": "[{\"added\": {}}]"}}, {"model": "admin.logentry", "pk": 10, "fields": {"action_time": "2018-02-23T21:25:23.429Z", "user": 1, "content_type": 8, "object_id": "7", "object_repr": "Tokyo", "action_flag": 1, "change_message": "[{\"added\": {}}]"}}, {"model": "admin.logentry", "pk": 11, "fields": {"action_time": "2018-02-23T21:25:38.580Z", "user": 1, "content_type": 8, "object_id": "8", "object_repr": "Jesus", "action_flag": 1, "change_message": "[{\"added\": {}}]"}}, {"model": "admin.logentry", "pk": 12, "fields": {"action_time": "2018-02-23T21:25:46.876Z", "user": 1, "content_type": 8, "object_id": "9", "object_repr": "Chick", "action_flag": 1, "change_message": "[{\"added\": {}}]"}}, {"model": "admin.logentry", "pk": 13, "fields": {"action_time": "2018-02-23T21:25:54.278Z", "user": 1, "content_type": 8, "object_id": "10", "object_repr": "Junky", "action_flag": 1, "change_message": "[{\"added\": {}}]"}}, {"model": "admin.logentry", "pk": 14, "fields": {"action_time": "2018-02-23T21:26:08.678Z", "user": 1, "content_type": 8, "object_id": "11", "object_repr": "Scene 2", "action_flag": 1, "change_message": "[{\"added\": {}}]"}}, {"model": "admin.logentry", "pk": 15, "fields": {"action_time": "2018-02-23T21:26:18.040Z", "user": 1, "content_type": 8, "object_id": "12", "object_repr": "Fight", "action_flag": 1, "change_message": "[{\"added\": {}}]"}}, {"model": "admin.logentry", "pk": 16, "fields": {"action_time": "2018-02-23T21:26:27.764Z", "user": 1, "content_type": 8, "object_id": "13", "object_repr": "Sweet", "action_flag": 1, "change_message": "[{\"added\": {}}]"}}, {"model": "admin.logentry", "pk": 17, "fields": {"action_time": "2018-02-23T21:26:36.325Z", "user": 1, "content_type": 8, "object_id": "14", "object_repr": "Gamba", "action_flag": 1, "change_message": "[{\"added\": {}}]"}}, {"model": "admin.logentry", "pk": 18, "fields": {"action_time": "2018-02-23T21:26:46.758Z", "user": 1, "content_type": 8, "object_id": "15", "object_repr": "Sunny", "action_flag": 1, "change_message": "[{\"added\": {}}]"}}, {"model": "admin.logentry", "pk": 19, "fields": {"action_time": "2018-02-23T21:26:57.440Z", "user": 1, "content_type": 8, "object_id": "16", "object_repr": "Summer", "action_flag": 1, "change_message": "[{\"added\": {}}]"}}, {"model": "admin.logentry", "pk": 20, "fields": {"action_time": "2018-02-23T21:34:56.169Z", "user": 1, "content_type": 10, "object_id": "1", "object_repr": "Person object", "action_flag": 1, "change_message": "[{\"added\": {}}]"}}, {"model": "admin.logentry", "pk": 21, "fields": {"action_time": "2018-02-23T21:35:27.173Z", "user": 1, "content_type": 10, "object_id": "2", "object_repr": "Ameer Vann", "action_flag": 1, "change_message": "[{\"added\": {}}]"}}, {"model": "admin.logentry", "pk": 22, "fields": {"action_time": "2018-02-23T21:35:41.510Z", "user": 1, "content_type": 10, "object_id": "3", "object_repr": "Dom McLennon", "action_flag": 1, "change_message": "[{\"added\": {}}]"}}, {"model": "admin.logentry", "pk": 23, "fields": {"action_time": "2018-02-23T21:35:52.748Z", "user": 1, "content_type": 10, "object_id": "4", "object_repr": "Merlyn Wood", "action_flag": 1, "change_message": "[{\"added\": {}}]"}}, {"model": "admin.logentry", "pk": 24, "fields": {"action_time": "2018-02-23T21:36:04.866Z", "user": 1, "content_type": 10, "object_id": "5", "object_repr": "Matt Champion", "action_flag": 1, "change_message": "[{\"added\": {}}]"}}, {"model": "admin.logentry", "pk": 25, "fields": {"action_time": "2018-02-23T21:36:16.935Z", "user": 1, "content_type": 10, "object_id": "6", "object_repr": "Joba", "action_flag": 1, "change_message": "[{\"added\": {}}]"}}, {"model": "admin.logentry", "pk": 26, "fields": {"action_time": "2018-02-23T21:36:36.788Z", "user": 1, "content_type": 10, "object_id": "7", "object_repr": "Bear//Face", "action_flag": 1, "change_message": "[{\"added\": {}}]"}}, {"model": "admin.logentry", "pk": 27, "fields": {"action_time": "2018-02-23T21:37:00.492Z", "user": 1, "content_type": 10, "object_id": "8", "object_repr": "Romil Hemnani", "action_flag": 1, "change_message": "[{\"added\": {}}]"}}, {"model": "admin.logentry", "pk": 28, "fields": {"action_time": "2018-02-23T21:37:12.398Z", "user": 1, "content_type": 10, "object_id": "9", "object_repr": "Jabari Manwa", "action_flag": 1, "change_message": "[{\"added\": {}}]"}}, {"model": "admin.logentry", "pk": 29, "fields": {"action_time": "2018-02-23T21:37:19.789Z", "user": 1, "content_type": 10, "object_id": "10", "object_repr": "Kiko Merley", "action_flag": 1, "change_message": "[{\"added\": {}}]"}}, {"model": "admin.logentry", "pk": 30, "fields": {"action_time": "2018-02-23T21:37:29.569Z", "user": 1, "content_type": 10, "object_id": "11", "object_repr": "Henock Sileshi", "action_flag": 1, "change_message": "[{\"added\": {}}]"}}, {"model": "admin.logentry", "pk": 31, "fields": {"action_time": "2018-02-23T21:37:37.096Z", "user": 1, "content_type": 10, "object_id": "12", "object_repr": "Ashlan Grey", "action_flag": 1, "change_message": "[{\"added\": {}}]"}}, {"model": "admin.logentry", "pk": 32, "fields": {"action_time": "2018-02-23T21:37:45.493Z", "user": 1, "content_type": 10, "object_id": "13", "object_repr": "Robert Ontenient", "action_flag": 1, "change_message": "[{\"added\": {}}]"}}, {"model": "admin.logentry", "pk": 33, "fields": {"action_time": "2018-02-23T21:37:51.017Z", "user": 1, "content_type": 10, "object_id": "14", "object_repr": "Jon Nunes", "action_flag": 1, "change_message": "[{\"added\": {}}]"}}, {"model": "admin.logentry", "pk": 34, "fields": {"action_time": "2018-02-23T21:37:57.064Z", "user": 1, "content_type": 10, "object_id": "15", "object_repr": "Rodney Tenor", "action_flag": 1, "change_message": "[{\"added\": {}}]"}}, {"model": "admin.logentry", "pk": 35, "fields": {"action_time": "2018-02-23T21:38:02.527Z", "user": 1, "content_type": 10, "object_id": "16", "object_repr": "Albert Gordon", "action_flag": 1, "change_message": "[{\"added\": {}}]"}}, {"model": "admin.logentry", "pk": 36, "fields": {"action_time": "2018-02-23T21:38:15.352Z", "user": 1, "content_type": 10, "object_id": "17", "object_repr": "Franklin Mendez", "action_flag": 1, "change_message": "[{\"added\": {}}]"}}, {"model": "admin.logentry", "pk": 37, "fields": {"action_time": "2018-02-23T21:38:26.100Z", "user": 1, "content_type": 10, "object_id": "18", "object_repr": "Grayson Glynn Carter", "action_flag": 1, "change_message": "[{\"added\": {}}]"}}, {"model": "admin.logentry", "pk": 38, "fields": {"action_time": "2018-02-23T21:38:36.300Z", "user": 1, "content_type": 10, "object_id": "19", "object_repr": "Anish Ochani", "action_flag": 1, "change_message": "[{\"added\": {}}]"}}, {"model": "admin.logentry", "pk": 39, "fields": {"action_time": "2018-02-23T21:38:41.129Z", "user": 1, "content_type": 10, "object_id": "20", "object_repr": "Kevin Doan", "action_flag": 1, "change_message": "[{\"added\": {}}]"}}, {"model": "admin.logentry", "pk": 40, "fields": {"action_time": "2018-02-23T21:40:45.967Z", "user": 1, "content_type": 7, "object_id": "1", "object_repr": "SongPart object", "action_flag": 1, "change_message": "[{\"added\": {}}]"}}, {"model": "admin.logentry", "pk": 41, "fields": {"action_time": "2018-02-23T21:43:25.584Z", "user": 1, "content_type": 7, "object_id": "2", "object_repr": "Gummy Hook 2", "action_flag": 1, "change_message": "[{\"added\": {}}]"}}, {"model": "admin.logentry", "pk": 42, "fields": {"action_time": "2018-02-23T21:43:46.501Z", "user": 1, "content_type": 7, "object_id": "3", "object_repr": "Gummy Bridge 3", "action_flag": 1, "change_message": "[{\"added\": {}}]"}}, {"model": "admin.logentry", "pk": 43, "fields": {"action_time": "2018-02-23T21:44:02.161Z", "user": 1, "content_type": 7, "object_id": "4", "object_repr": "Gummy Verse 4", "action_flag": 1, "change_message": "[{\"added\": {}}]"}}, {"model": "admin.logentry", "pk": 44, "fields": {"action_time": "2018-02-23T21:44:19.548Z", "user": 1, "content_type": 7, "object_id": "5", "object_repr": "Gummy Verse 5", "action_flag": 1, "change_message": "[{\"added\": {}}]"}}, {"model": "admin.logentry", "pk": 45, "fields": {"action_time": "2018-02-23T21:44:47.307Z", "user": 1, "content_type": 7, "object_id": "6", "object_repr": "Gummy Hook 6", "action_flag": 1, "change_message": "[{\"added\": {}}]"}}, {"model": "admin.logentry", "pk": 46, "fields": {"action_time": "2018-02-23T21:45:25.518Z", "user": 1, "content_type": 7, "object_id": "7", "object_repr": "Gummy Bridge 7", "action_flag": 1, "change_message": "[{\"added\": {}}]"}}, {"model": "admin.logentry", "pk": 47, "fields": {"action_time": "2018-02-23T21:45:45.556Z", "user": 1, "content_type": 7, "object_id": "8", "object_repr": "Gummy Outro 8", "action_flag": 1, "change_message": "[{\"added\": {}}]"}}, {"model": "admin.logentry", "pk": 48, "fields": {"action_time": "2018-02-23T21:46:54.449Z", "user": 1, "content_type": 11, "object_id": "1", "object_repr": "SongToPerson object", "action_flag": 1, "change_message": "[{\"added\": {}}]"}}, {"model": "admin.logentry", "pk": 49, "fields": {"action_time": "2018-02-23T21:50:15.460Z", "user": 1, "content_type": 13, "object_id": "1", "object_repr": "Kevin Abstract wrote a Verse on Gummy", "action_flag": 1, "change_message": "[{\"added\": {}}]"}}, {"model": "admin.logentry", "pk": 50, "fields": {"action_time": "2018-02-23T21:50:27.022Z", "user": 1, "content_type": 13, "object_id": "2", "object_repr": "Kevin Abstract wrote a Hook on Gummy", "action_flag": 1, "change_message": "[{\"added\": {}}]"}}, {"model": "admin.logentry", "pk": 51, "fields": {"action_time": "2018-02-23T21:50:38.206Z", "user": 1, "content_type": 13, "object_id": "3", "object_repr": "Merlyn Wood wrote a Bridge on Gummy", "action_flag": 1, "change_message": "[{\"added\": {}}]"}}, {"model": "admin.logentry", "pk": 52, "fields": {"action_time": "2018-02-23T21:50:48.644Z", "user": 1, "content_type": 13, "object_id": "4", "object_repr": "Ameer Vann wrote a Verse on Gummy", "action_flag": 1, "change_message": "[{\"added\": {}}]"}}, {"model": "admin.logentry", "pk": 53, "fields": {"action_time": "2018-02-23T21:51:10.819Z", "user": 1, "content_type": 13, "object_id": "5", "object_repr": "Dom McLennon wrote a Verse on Gummy", "action_flag": 1, "change_message": "[{\"added\": {}}]"}}, {"model": "admin.logentry", "pk": 54, "fields": {"action_time": "2018-02-23T21:51:21.868Z", "user": 1, "content_type": 13, "object_id": "6", "object_repr": "Kevin Abstract wrote a Hook on Gummy", "action_flag": 1, "change_message": "[{\"added\": {}}]"}}, {"model": "admin.logentry", "pk": 55, "fields": {"action_time": "2018-02-23T21:51:29.095Z", "user": 1, "content_type": 13, "object_id": "7", "object_repr": "Matt Champion wrote a Bridge on Gummy", "action_flag": 1, "change_message": "[{\"added\": {}}]"}}, {"model": "admin.logentry", "pk": 56, "fields": {"action_time": "2018-02-23T21:51:35.789Z", "user": 1, "content_type": 13, "object_id": "8", "object_repr": "Kevin Abstract wrote a Outro on Gummy", "action_flag": 1, "change_message": "[{\"added\": {}}]"}}, {"model": "admin.logentry", "pk": 57, "fields": {"action_time": "2018-02-23T21:51:42.309Z", "user": 1, "content_type": 13, "object_id": "9", "object_repr": "Joba wrote a Outro on Gummy", "action_flag": 1, "change_message": "[{\"added\": {}}]"}}]