[{"model": "contenttypes.contenttype", "pk": 1, "fields": {"app_label": "admin", "model": "logentry"}}, {"model": "contenttypes.contenttype", "pk": 2, "fields": {"app_label": "auth", "model": "permission"}}, {"model": "contenttypes.contenttype", "pk": 3, "fields": {"app_label": "auth", "model": "user"}}, {"model": "contenttypes.contenttype", "pk": 4, "fields": {"app_label": "auth", "model": "group"}}, {"model": "contenttypes.contenttype", "pk": 5, "fields": {"app_label": "contenttypes", "model": "contenttype"}}, {"model": "contenttypes.contenttype", "pk": 6, "fields": {"app_label": "sessions", "model": "session"}}, {"model": "contenttypes.contenttype", "pk": 7, "fields": {"app_label": "resthampton_app", "model": "songpart"}}, {"model": "contenttypes.contenttype", "pk": 8, "fields": {"app_label": "resthampton_app", "model": "song"}}, {"model": "contenttypes.contenttype", "pk": 9, "fields": {"app_label": "resthampton_app", "model": "bar"}}, {"model": "contenttypes.contenttype", "pk": 10, "fields": {"app_label": "resthampton_app", "model": "person"}}, {"model": "contenttypes.contenttype", "pk": 11, "fields": {"app_label": "resthampton_app", "model": "songtoperson"}}, {"model": "contenttypes.contenttype", "pk": 12, "fields": {"app_label": "resthampton_app", "model": "album"}}, {"model": "contenttypes.contenttype", "pk": 13, "fields": {"app_label": "resthampton_app", "model": "songparttoperson"}}, {"model": "sessions.session", "pk": "dgsvosau2ge2ih83sozu9uckzlrvgjis", "fields": {"session_data": "YTI4NWJmNmEwYmYxMWQ2ZTA3MGZkY2U5NTM4MDFmMDc4MzM5YWZmZTp7Il9hdXRoX3VzZXJfaWQiOiIxIiwiX2F1dGhfdXNlcl9iYWNrZW5kIjoiZGphbmdvLmNvbnRyaWIuYXV0aC5iYWNrZW5kcy5Nb2RlbEJhY2tlbmQiLCJfYXV0aF91c2VyX2hhc2giOiIzZWMzZGFlYTIwZDFiNWE2ZjZhY2FmOTE1NTVhYWNhNzVhYzNmMjE1In0=", "expire_date": "2018-03-11T00:20:43.379Z"}}, {"model": "sessions.session", "pk": "e929v0t4eaj3sbnqsij4r3w2enq6vgmx", "fields": {"session_data": "YTI4NWJmNmEwYmYxMWQ2ZTA3MGZkY2U5NTM4MDFmMDc4MzM5YWZmZTp7Il9hdXRoX3VzZXJfaWQiOiIxIiwiX2F1dGhfdXNlcl9iYWNrZW5kIjoiZGphbmdvLmNvbnRyaWIuYXV0aC5iYWNrZW5kcy5Nb2RlbEJhY2tlbmQiLCJfYXV0aF91c2VyX2hhc2giOiIzZWMzZGFlYTIwZDFiNWE2ZjZhY2FmOTE1NTVhYWNhNzVhYzNmMjE1In0=", "expire_date": "2018-03-09T21:22:52.550Z"}}, {"model": "resthampton_app.album", "pk": 1, "fields": {"name": "Saturation I", "img_lg": "media/albums/large/src_saturation_1_lylwhap.jpg", "img_md": "", "img_sm": "", "year": "2017-06-07T21:23:09Z", "runtime": null}}, {"model": "resthampton_app.album", "pk": 2, "fields": {"name": "Saturation II", "img_lg": "media/albums/large/src_saturation_2_ck6RBEV.jpg", "img_md": "", "img_sm": "", "year": "2017-08-28T21:23:25Z", "runtime": null}}, {"model": "resthampton_app.album", "pk": 3, "fields": {"name": "Saturation III", "img_lg": "media/albums/large/src_saturation_3_7G10vqm.jpg", "img_md": "", "img_sm": "", "year": "2017-12-24T21:23:35Z", "runtime": null}}, {"model": "resthampton_app.song", "pk": 1, "fields": {"name": "Gummy", "album": 2, "runtime": null, "position": 1}}, {"model": "resthampton_app.song", "pk": 2, "fields": {"name": "Queer", "album": 2, "runtime": null, "position": 2}}, {"model": "resthampton_app.song", "pk": 3, "fields": {"name": "Jello", "album": 2, "runtime": null, "position": 3}}, {"model": "resthampton_app.song", "pk": 4, "fields": {"name": "Teeth", "album": 2, "runtime": null, "position": 4}}, {"model": "resthampton_app.song", "pk": 5, "fields": {"name": "Swamp", "album": 2, "runtime": null, "position": 5}}, {"model": "resthampton_app.song", "pk": 6, "fields": {"name": "Scene 1", "album": 2, "runtime": null, "position": 6}}, {"model": "resthampton_app.song", "pk": 7, "fields": {"name": "Tokyo", "album": 2, "runtime": null, "position": 7}}, {"model": "resthampton_app.song", "pk": 8, "fields": {"name": "Jesus", "album": 2, "runtime": null, "position": 8}}, {"model": "resthampton_app.song", "pk": 9, "fields": {"name": "Chick", "album": 2, "runtime": null, "position": 9}}, {"model": "resthampton_app.song", "pk": 10, "fields": {"name": "Junky", "album": 2, "runtime": null, "position": 10}}, {"model": "resthampton_app.song", "pk": 11, "fields": {"name": "Scene 2", "album": 2, "runtime": null, "position": 11}}, {"model": "resthampton_app.song", "pk": 12, "fields": {"name": "Fight", "album": 2, "runtime": null, "position": 12}}, {"model": "resthampton_app.song", "pk": 13, "fields": {"name": "Sweet", "album": 2, "runtime": null, "position": 13}}, {"model": "resthampton_app.song", "pk": 14, "fields": {"name": "Gamba", "album": 2, "runtime": null, "position": 14}}, {"model": "resthampton_app.song", "pk": 15, "fields": {"name": "Sunny", "album": 2, "runtime": null, "position": 15}}, {"model": "resthampton_app.song", "pk": 16, "fields": {"name": "Summer", "album": 2, "runtime": null, "position": 16}}, {"model": "resthampton_app.songpart", "pk": 1, "fields": {"partType": "Verse", "runtime": null, "song": 1, "position": 1, "lyrics": "These niggas take me for granted, what would hap' if I vanish?\r\nBet a hunnid they'd panic, my shooters only speak Spanish\r\nKeep my heart with my dogs, keep my car in the yard\r\nI can't drive it nowhere so I'll let you niggas take off\r\nSeen the shit that they drop, that shit not instantly hot\r\nI give that instant re-bop, that replay value go off\r\nThat make my value go up, I keep that bow in my cup\r\nMy niggas rolling, got that going with a thousand to bust\r\nThat nigga Kevin can't rap, he too sappy with his shit\r\nHe don't rep me with his shit, he on that teenage bullshit\r\nAnd he 'bout 20 and shit? When he let go of that shit?\r\nHe'll prolly be a little colder, y'all agree with me? Shit\r\nThat nigga need to act his age, he ain't acting like a grown up\r\nAin't that boy from Texas? He ain't acting like a soldier\r\nKnew that boy in high school, man, that nigga wasn't awkward\r\nAnd I know his mama, man, that nigga just a liar"}}, {"model": "resthampton_app.songpart", "pk": 2, "fields": {"partType": "Hook", "runtime": null, "song": 1, "position": 2, "lyrics": "Cash don't last, my friends will ride with me\r\nKeep 'em in my bag, we robbed a limousine\r\nWhen the guns go pow, won't bother us again\r\nI don't wanna do it but they keep on pushing me"}}, {"model": "resthampton_app.songpart", "pk": 3, "fields": {"partType": "Bridge", "runtime": null, "song": 1, "position": 3, "lyrics": "Cash don't mean shit (shit), cried my last tears, bitch\r\nCashed my last check (check), cash don't mean shit (shit)\r\nCash don't mean shit (shit), cried my last tears, bitch\r\nCashed my last check (check), cash don't mean shit (shit)"}}, {"model": "resthampton_app.songpart", "pk": 4, "fields": {"partType": "Verse", "runtime": null, "song": 1, "position": 4, "lyrics": "Call me king of the niggas, I need a crown made of thorns\r\nGod said, \"Let there be light\", on the day I was born\r\nStep off the ship with the slaves, then I go hit the stage\r\nI just left in a whip, all I need is a chain\r\nI don't trust no niggas, and I don't trust no bitch\r\n'Cause people talk too much, I bought a black fo'-fifth\r\nAnd a brand new clip, that's my new best friend\r\n'Cause I'm a brand new nigga, in a brand new crib\r\nI ain't sellin' no more, but got my hand in the zip\r\nWhitey gave me the check, I ain't ask for the fame\r\nI used to deal with the grams, 'til they put the cam on my face\r\nNow I'm evading the law, I'm on a high-speed chase\r\nI'm in a big ass truck, I tell 'em get out the way\r\nI gotta couple of warrants, so I'm leaving my state\r\nNow I'm in Cali today, with the sun on my face\r\nI got a bag of the gas, and a blunt I can face"}}, {"model": "resthampton_app.songpart", "pk": 5, "fields": {"partType": "Verse", "runtime": null, "song": 1, "position": 5, "lyrics": "How I'm gon' move at your pace? I'm busy settin' the tone\r\nYou think we runnin' together? I'm in a lane of my own\r\nDon't got no friends in this game, it's me and my brothers alone\r\nThey thinkin' that we competing, that shit depletin' my bones\r\nI don't need all that energy, they just fuck up my chakras\r\nI put my heart in a locker, they love me when I'm a martyr\r\nThey hate me when I'm myself, I can't barter with that\r\nYou watch us charter these tracks, it's sticking like tartar and plaque\r\nI need a parlour of plaques, need lobsters and helicopters\r\nI need peace for my niggas, need darker skin for all my doctors\r\nI like to speak like a scholar, like to think like a nigga\r\nIn this world I can't wander, no honor behind the trigger\r\nI could get shot in my back and they'd tell the world that I fought 'em\r\n\"We ain't taught 'em nothin' new, but somehow they been gettin' smarter\"\r\nThat's what they sayin' in private, speaking from that entitlement\r\nWe still workin' for titles and makin' tidal environments"}}, {"model": "resthampton_app.songpart", "pk": 6, "fields": {"partType": "Hook", "runtime": null, "song": 1, "position": 6, "lyrics": "Cash don't last, my friends will ride with me\r\nKeep 'em in my bag, we robbed a limousine\r\nWhen the guns go pow, won't bother us again\r\nI don't wanna do it but they keep on pushing me\r\nCash don't last, my friends will ride with me\r\nKeep 'em in my bag, we robbed a limousine\r\nWhen the guns go pow, won't bother us again\r\nI don't wanna do it but they keep on pushing me"}}, {"model": "resthampton_app.songpart", "pk": 7, "fields": {"partType": "Bridge", "runtime": null, "song": 1, "position": 7, "lyrics": "Fuck, put ya ante up, riding in the limousine\r\nI'm stuck on some bud I hit, underground, we can't compete\r\nFuck all this energy, you just wanna bring me down\r\nFuck all your energy, you just wanna bring me down\r\nFuck, put the windows up, blowin' past the exit now\r\nUp like a money shot, swerve into the sunset\r\nMe and all my boys jet, swerving like a doughnut\r\nOff, off, off, off, swerving like a doughnut"}}, {"model": "resthampton_app.songpart", "pk": 8, "fields": {"partType": "Outro", "runtime": null, "song": 1, "position": 8, "lyrics": "Nigga, whaaaat?\r\nPull up, pull up, pull up, pull up, pull up if you want to\r\nNigga, whaaaat?\r\nPull up, pull up, pull up, pull up, pull up if you want to\r\nNigga, whaaaat?\r\nPull up, pull up, pull up, pull up, pull up if you want to\r\nNigga, whaaaat? Y-yo"}}, {"model": "resthampton_app.songpart", "pk": 9, "fields": {"partType": "Verse", "runtime": null, "song": 2, "position": 1, "lyrics": "Skinny boy, skinny boy, where your muscles at?\r\nUsed to walk to work, eight hours, take the bus back\r\nAin't no time to stop, ain't no time for vacation\r\nY'all all want my spot 'cause you know that I am A1\r\nAll these pretty girls, they come runnin' to our faces\r\nI could do without, I could move without, I could do myself\r\nI get in a rut, I feel depressed, I bang on my chest\r\nI say fuck 'em all 'til I'm dead"}}, {"model": "resthampton_app.songpart", "pk": 10, "fields": {"partType": "Verse", "runtime": null, "song": 2, "position": 2, "lyrics": "First off, fuck Dolce & Gabbana\r\nRacist mothersuckers tryna be my pana\r\nPut that on me auntie and me mama\r\nGrab the Ghost then I go right back to Ghana\r\nI came back again, with the platinum\r\nTo the continent, I came back again\r\nI came back again, with the platinum\r\nTo the continent, I came back again"}}, {"model": "resthampton_app.songpart", "pk": 11, "fields": {"partType": "Pre-Chorus", "runtime": null, "song": 2, "position": 3, "lyrics": "Don't go runnin' your mouth\r\nDon't go runnin' your mouth (Watch your lip, baby)\r\nDon't go runnin' your mouth\r\nDon't go runnin' your mouth (W-w-watch your lip, baby)\r\nDon't go runnin' your mouth\r\nDon't go runnin' your mouth (Watch your lip, baby)\r\nDon't go runnin' your mouth\r\nDon't go runnin' your mouth (W-w-watch your lip, baby)"}}, {"model": "resthampton_app.songpart", "pk": 12, "fields": {"partType": "Hook", "runtime": null, "song": 2, "position": 4, "lyrics": "And Waco is far away, I don't even mind\r\nAs long as you stay right here, right next to my side\r\nAnd Waco is far away, I don't even mind\r\nAs long as you stay right here, right next to my side"}}, {"model": "resthampton_app.songpart", "pk": 13, "fields": {"partType": "Verse", "runtime": null, "song": 2, "position": 5, "lyrics": "Got a lot of things to say that I could never finish\r\nTold my mama, \"I'll be back, just gotta kill another mission\"\r\nGimme thirty seconds and I'll make off with a billion\r\nEvery verse a heist for all your underlying feelings\r\nGot canaries on the window, smell like roses on the ceiling\r\nOh what a\u2013, oh what a\u2013, oh, how appealing\r\nCandy paint revealing all that bullshit you concealing\r\nFuck what you been hearing, I'm everything they fearing\r\nI'm black and smart and sexy, universally appealing\r\nGenius what I'm dealing, something they ain't stealing\r\nThey prohibited the potents, might give you cirrhosis\r\nSpaceship doing donuts, it's written I'm the POTUS\r\nI'm focused"}}, {"model": "resthampton_app.songpart", "pk": 14, "fields": {"partType": "Pre-Chorus", "runtime": null, "song": 2, "position": 6, "lyrics": "Don't go runnin' your mouth\r\nDon't go runnin' your mouth (Watch your lip, baby)\r\nDon't go runnin' your mouth\r\nDon't go runnin' your mouth (W-w-watch your lip, baby)\r\nDon't go runnin' your mouth\r\nDon't go runnin' your mouth (Watch your lip, baby)\r\nDon't go runnin' your mouth\r\nDon't go runnin' your mouth (W-w-watch your lip, baby)"}}, {"model": "resthampton_app.songpart", "pk": 15, "fields": {"partType": "Hook", "runtime": null, "song": 2, "position": 7, "lyrics": "And Waco is far away, I don't even mind\r\nAs long as you stay right here, right next to my side\r\nAnd Waco is far away, I don't even mind\r\nAs long as you stay right here, right next to my side"}}, {"model": "resthampton_app.songpart", "pk": 16, "fields": {"partType": "Verse", "runtime": null, "song": 2, "position": 8, "lyrics": "Barre Baby, spilled syrup on my big wheel\r\nYou could call me lil nigga with the big crib\r\nMy lifestyle still the same, just a face lift\r\nSilly niggas got me running outta patience\r\nMy whole life slowly turned into a daydream\r\nI hit the bank with a smile on my face, man\r\nPretty women always pullin' at my waistband\r\nUsed to get arrested, all I get is checks now"}}, {"model": "resthampton_app.songpart", "pk": 17, "fields": {"partType": "Hook", "runtime": null, "song": 2, "position": 9, "lyrics": "And Waco is far away, I don't even mind\r\nAs long as you stay right here, right next to my side\r\nAnd Waco is far away, I don't even mind\r\nAs long as you stay right here, right next to my side\r\nAnd Waco is far away, I don't even mind\r\nAs long as you stay right here, right next to my side\r\nAnd Waco is far away, I don't even mind\r\nAs long as you stay right here, right next to my side"}}, {"model": "resthampton_app.songpart", "pk": 49, "fields": {"partType": "Outro", "runtime": null, "song": 7, "position": 5, "lyrics": "What got you shook?\nWhat got you shook?\nWhat got you shook?\nWhat got you shook?"}}, {"model": "resthampton_app.songpart", "pk": 50, "fields": {"partType": "Chorus", "runtime": null, "song": 7, "position": 1, "lyrics": "What got you shook on this Saturday?\nI take my L and I hold my place\nI split my L and I go away\nYou left a spell on my Saturday\nWhat got you shook on this Saturday?\nI take my L and I hold my place\nI split my L and I go away\nYou left a spell on my Saturday\n"}}, {"model": "resthampton_app.songpart", "pk": 51, "fields": {"partType": "Chorus", "runtime": null, "song": 7, "position": 4, "lyrics": "What got you shook on this Saturday?\nI take my L and I hold my place\nI split my L and I go away\nYou left a spell on my Saturday\nWhat got you shook on this Saturday?\nI take my L and I hold my place\nI split my L and I go away\nYou left a spell on my Saturday\n"}}, {"model": "resthampton_app.songpart", "pk": 52, "fields": {"partType": "Verse", "runtime": null, "song": 7, "position": 0, "lyrics": "Too many things I'd rather do different\nWoke up in a cold sweat, my emotions creepin'\nThree o'clock on the weekend, might as well sleep in\nStay down for the count when, she hit me with the \"what-ifs?\"\nAnd the \"what-whens?\" and the \"what-thens?\"\nWonder where my life went, living in the moment\nI been thinking 'bout my time spent, are the bills paid?\nIs it make or break? Will I find a way?\nAre my feelings changed? Will I be okay?\nI don\u2019t know, but what I do know is, life don't make sense\nIf you can't pay rent, so I place my bet\n"}}, {"model": "resthampton_app.songpart", "pk": 53, "fields": {"partType": "Verse", "runtime": null, "song": 7, "position": 2, "lyrics": "I got cracks in my phone screen, the past fuck with my psyche\nSmoke weed and get high, please, went to school in the woodlands\nAnd that made niggas wanna fight me, so I don't take threats lightly\nTell them niggas come and find me, got his head in my eye view\nNew house off iTunes, new money, my perfume\nBig smile, in a good mood, I been running outta issues\nI ain't trippin' when the rent due, I ain't runnin' with a pistol\nI ain't locked in the system, taking care of my kin folk\n"}}, {"model": "resthampton_app.songpart", "pk": 54, "fields": {"partType": "Verse", "runtime": null, "song": 7, "position": 3, "lyrics": "Taking a book out the page of the graves\nI'm only human and I make mistakes\nChisel my flows so they can't liberate\nTalkin' the time as the pendulum sways\nI gotta face what I didn't create\nJust cause I can't relate, I don't debate\nI educate, illuminate\nOr we can't duplicate, no more moving the plates\nSecond chances feeling overrated\nUnappreciated so I bossed up\nMissed the time when we could share space\nBut it'll all be straight the day we cross up\nNothing better than some time with you\nBecause it's time I never wanna toss up\nLose myself inside of you, you find yourself in me\nI don't wanna be cautious\n"}}, {"model": "resthampton_app.songpart", "pk": 58, "fields": {"partType": "Verse", "runtime": null, "song": 8, "position": 0, "lyrics": "I felt awesome when you walked in\nYou caught me doin' something that I should've never been caught with\nI played the forest, my far trip\nI tripped and I fell, still think I'm living in Austin\nRemember when I was trippin' off some wack shit\nWhen I thought the automatic had an answer?\nWhen I was jammin' out Beyonce like Sampha\nAnd you broke up with me cause I'm a Cancer?\nOur relationship was toxic, cancer\nI fell in love with a dancer in Atlanta\nI'm lying, I ain't a Drake-ass nigga\nI'm more like Troye Sivan\nWith a whole lotta melanin\nSendin' bombs to your lawn\nGrew up on Rockafella, so I'ma get a chain\nAnd sing every song in the vain of your name\nAnd this'll...\n"}}, {"model": "resthampton_app.songpart", "pk": 59, "fields": {"partType": "Outro", "runtime": null, "song": 8, "position": 0, "lyrics": "Be there when they call me up\nSave me wishin' for you, I'm missing you too\nMiss the way we talk, miss the way we stop\nMiss the way we talk, ooh\nBe there when they call me up\nSave me wishin' for you, I'm missing you too\nMiss the way we talk, miss the way we stop\nMiss the way we talk, ooh\n"}}, {"model": "resthampton_app.songpart", "pk": 60, "fields": {"partType": "Verse", "runtime": null, "song": 9, "position": 0, "lyrics": "I got this shitty moustache, and a new haircut\nShort but tall enough to ride every ride so it's fair enough\nTeeth crooked but my breath fresh just like the evergreens\nMy attitude is bit like, a psys- fuck!\nYou mean a psychopath\nI bet the marble feel good on your bare foot\nI'm in the backyard hiding out like I'm Bigfoot\nAnd I won't cater to you\nYeah I am not Carrabba's, and I ain't taking orders\nHere for the loot, and to inspire some of you\nTo do what you do despite all the \"fuck you's\"\nCause they shit on your shit, stab you right in the back\n'Til you're shittin' on the toilet with Grammys in your lap\n"}}, {"model": "resthampton_app.songpart", "pk": 61, "fields": {"partType": "Verse", "runtime": null, "song": 9, "position": 0, "lyrics": "I feel these voices always drown out all the noise in the room\nThey don't employ you for your purpose, they just need a platoon\nAnother number in a line ready to march into tombs\nI ain't the one to assume, I put the coon in tycoon\nWe colonizing the moon, I see you look to the sky\nAnd start to wish it was you, sometimes I wish I was me\nSometimes I'm watching my life\nI'm dissociated from what eats my heart up at night\nSleep on a cloud of my strife\nI ain't afraid of the heights, they all afraid to appall\nI'm just afraid of excitement being a trip to the mall\nI need a summer to fall, I need a winter to spring\nGot all these seasons within me, building a story to sing\nDon't need a dollar to dream, I need a billion in facts\nI need a trillion in wealth, y'all niggas need to relax\nI wanna build up the culture, they wanna dream in the trap\nI took the zoom off my lens, and I saw the world in my lap\n"}}, {"model": "resthampton_app.songpart", "pk": 62, "fields": {"partType": "Intro", "runtime": null, "song": 9, "position": 0, "lyrics": "Why you look like that? (he looks crazy as fuck)\nHe look crazy as hell\nBut he dress well (oh my God)\nWhy his face look puff?\nWhy he look like that? (you look like a)\nWhy your hair like that? (like a chipmunk or something)\nWhy your teeth like that? (or like a prairie dog)\nWhy your cheeks like that?\n"}}, {"model": "resthampton_app.songpart", "pk": 63, "fields": {"partType": "Outro", "runtime": null, "song": 9, "position": 0, "lyrics": "I'm not tryna be like you, when I grow, money in the bag\nKeep the sand in the bag, all my niggas in the bag\nI'm not tryna be like you, when I grow, money in the bag\nKeep the sand in the bag, all my niggas in the bag\nI'm not tryna be like you, when I grow, money in the bag\nKeep the sand in the bag, all my niggas in the bag\nI'm not tryna be like you, when I grow, money in the bag\nKeep the sand in the bag, all my niggas in the bag\nI'm not tryna be like you, when I grow, money in the bag\nKeep the sand in the bag, all my niggas in the bag\nI'm not tryna be like you, when I grow, money in the bag\nKeep the sand in the bag, all my niggas in the bag\nI'm not tryna be like you, when I grow, money in the bag\nKeep the sand in the bag, all my niggas in the bag\nI'm not tryna be like you, when I grow, money in the bag\nKeep the sand in the"}}, {"model": "resthampton_app.songpart", "pk": 64, "fields": {"partType": "Verse", "runtime": null, "song": 9, "position": 0, "lyrics": "Niggas talk a lot of shit, in a safe place\nAiming with they keyboard, they shootin' uppercase\nI'm booking tour dates, money in the suitcase\nCommander and the chief like, Barack Hussein\nSame nigga, two names, I am onto new things\nFlying out of Houston, lemme say a few things\nI don't give a fuck about you or your screen name\nI'ma be a star even if I say the same things\nCause them same things keep me on the wavelengths\nI dropped another verse, so you gon' have to pay me\nGlock with no safety, seen niggas on the pavement\nOver gang affiliations, guns with extensions\nSeeing niggas get anxious, all these internet gangstas\nI'm running outta patience, nigga, stick to your day shift\nAnd watch what you're saying, and please keep praying\nCause niggas talk big 'til that price on their head\n"}}, {"model": "resthampton_app.songpart", "pk": 71, "fields": {"partType": "Verse", "runtime": null, "song": 10, "position": 3, "lyrics": "I don't trust nobody 'cause they don't deserve it\nNiggas run in your house, they know you doin' dirty (go 'head now)\nI got my hand on an ounce, so now I got money servin'\nI just bought me a fifth and now I'm speedin', swervin' (go 'head now)\nI took an eighth of them shrooms and now I'm hearin' voices\nI took like two of them pills, I can't remember nothing (go 'head now)\nI ain't under control, I'm losin' motor function\nI need an intervention, I need an exorcism\nI need a therapist, paranoia and drug addiction\nIt's very scary, my momma don't even recognize me\nI'm goin' crazy, don't need nobody to say they love me\nMy acts of desperation, I'm on an empty stomach\nSo fuck the consequences, I ain't runnin' from them\n"}}, {"model": "resthampton_app.songpart", "pk": 72, "fields": {"partType": "Verse", "runtime": null, "song": 10, "position": 4, "lyrics": "Feelin' like a goner, put my life in locker\nHotbox in the Hummer, (Merlyn, Merlyn!) hot bars in the summer\nIf I had the option, I would do it all again\nIf I had the option, I would do it all again\nI just wanna feel like I did the right program\nI just want to appeal to my dad and my cousins (again)\nWhen I cut that feel, I do nothing but diplomas\nLove is knowin' that you didn\u2019t do it by your lonesome\nSo I forgive my mommy, daddy, auntie and my uncles\nFor guilt-tripping feelings whenever they call my number\nThey see men dream, they see men fallin'\nBut when I dream, I'm smashing on a lana\n"}}, {"model": "resthampton_app.songpart", "pk": 73, "fields": {"partType": "Bridge", "runtime": null, "song": 10, "position": 5, "lyrics": "Both pessimistic, drug addicted, caught in our feelings\nWe spit venom then stare at the ceiling wondering why\nMy mom's no alcoholic, she just wanna drown her sorrows\nLove her to death and soon enough I'll give back all I borrowed\nBoth so submissive, take turns dominating, the light has been faded\nThis hate-fueled love, we don't fake it, no givin', just takin'\nI took some steps to be a bigger person\nI should've thrown ya off the highway to cars swerving\n"}}, {"model": "resthampton_app.songpart", "pk": 74, "fields": {"partType": "Verse", "runtime": null, "song": 10, "position": 6, "lyrics": "Ain't no burden, ain't no sermon, ain't no motherfuckin' plaque\nI hate these hospitals and police and the smell of death, all that\nI hate these shady folk that want a ladylike\nBut don't treat lady right, but they be sayin' like \"just the tip\"\nAnd, yeah, you mad 'cause she ain't fuck, mad 'cause she ain't suck\nBeat your ass before you got time to say \"why not?\"\nHere to catch ya slip up, wish you could just rewind\nTime to not fuck up, thought you were just lucked up\nWhere the respect? Is your ass human?\nI look you in your eyes, say \"fuck you, are you fuckin' stupid?\"\nRespect my mother, 'spect my sister, 'spect these women, boy\nI get my 9-9, I don't own one, hit the store to blow your brains off\nBetter hope my aim off, better hope the range off\nBetter hope my tame off before I blow your brains off, boy\n"}}, {"model": "resthampton_app.songpart", "pk": 75, "fields": {"partType": "Outro", "runtime": null, "song": 10, "position": 7, "lyrics": "Uh, no hands with the stunts\nJump off the roof like I do what I want\nAll of my life in my past wanna haunt\nAnd my sight of the future beginning to taunt my ambition\nMan on the moon, I'm marooned, I ain't trippin'\nI'm on a mission\nEvery time that I speak they ain't skippin'\nTurned my inspiration to a vision, that's a given, no slippin'"}}, {"model": "resthampton_app.songpart", "pk": 76, "fields": {"partType": "Intro", "runtime": null, "song": 10, "position": 0, "lyrics": "Me Ilamo Roberto, y estamos buscando a Jaden Smith\n"}}, {"model": "resthampton_app.songpart", "pk": 77, "fields": {"partType": "Verse", "runtime": null, "song": 10, "position": 1, "lyrics": "I spit my heart out, lookin' out for my best interests\nHe gave me good head, peepin' out while the windows tinted\nI speak in tongues and I arrive without a damn mention\nIt's kinda sick and I was born in 1996 and\n1999 the only year that I remember\nI slip through the cracks without havin' a damn temper\nI bleach my hair because these bitches all about they bitchin'\nI say shit when I rap and y'all niggas barely listen\nI do the most for the culture, nigga, by just existing\nDelete my tweets 'cause I'm ashamed of being a fuckin' Simpson\nI told my mom I was gay, why the fuck she ain't listen?\nI signed a pub deal and her opinion fuckin' disappearin'\nI'm payin' bills for my sister and tryna fund her business\nIs it homophobic to only hook up with straight niggas?\nYou know like closet niggas, masc-type\nWhy don't you take that mask off? That's the thought I had last night\n\"Why you always rap about bein' gay?\"\n'Cause not enough niggas rap and be gay\nWhere I come from, niggas get called \"faggot\" and killed\nSo I'ma get head from a nigga right here\nAnd they can come and cut my hand off and, and my legs off and\nAnd I'ma still be a boss 'til my head gone, yeah\n"}}, {"model": "resthampton_app.songpart", "pk": 78, "fields": {"partType": "Bridge", "runtime": null, "song": 10, "position": 2, "lyrics": "Break the wheel, pack the steel, hold my niggas down\nTwistin' on that syrup \u2018til I hear crackin\u2019 sounds\nBreak the wheel, pack the steel, hold my niggas down\nTwistin' on that syrup \u2018til I hear crackin\u2019 sounds\nBreak, break, break the steel, hold my niggas down\nTwistin' on that syrup \u2018til I hear crack, crack, crack\nBreak the wheel, pack the steel, hold my niggas down\nTwistin' on that syrup \u2018til I hear crack\n"}}, {"model": "resthampton_app.songpart", "pk": 79, "fields": {"partType": "Skit", "runtime": null, "song": 11, "position": 0, "lyrics": "Padre, gracias por mi familia\nTe pido que los bendigas con tu favor\nProveeles sus necesidades\nTe pido que los protejas del da\u00f1o y la maldad\nRod\u00e9ales con la sombra de tu ala\nVe delante de ellos y prepara su camino\nSi su camino est\u00e1 torcido, te pido que lo endereces\nProt\u00e9gelos de las trampas del enemigo\nY ev\u00edtales del enga\u00f1o\nDales paz perfecta a sus corazones\nEn el nombre de Jes\u00fas te lo pido\nAm\u00e9n"}}, {"model": "resthampton_app.songpart", "pk": 91, "fields": {"partType": "Verse", "runtime": null, "song": 13, "position": 0, "lyrics": "Stripped down to my skin and my bones\nI love huskies but I feel like a wolf (howw!)\nIn a pack but I feel all alone\nI'm scatterbrained man, better offer the clone\nIn Tejas apartments with racists doin' weird shit\nLike, this'll make the biopic (haha)\nRile 'em up, hit Zaxby's, get the wing and tings (yum)\nReal quick bills still stacking to the ceiling (uh-oh)\nWhatchu mean, it ain't working? (what?)\nWhatchu mean, you ain't finding yourself? (oh, I am, I'm trying)\nWhatchu mean, you ain't got no cash? (I got a little bit)\nWhatchu mean? Whatchu mean?\nShouldn't your pockets be big just like a fat chick? (uh-huh)\nShouldn't your mama be done paying the house off? (I guess)\nShouldn't you have a real big-ass ego? (no)\nShouldn't these girls be flockin' just like seagulls? (eh)\n"}}, {"model": "resthampton_app.songpart", "pk": 92, "fields": {"partType": "Chorus", "runtime": null, "song": 13, "position": 1, "lyrics": "Twistin' me up like licorice\nThink I need someone who can handle it\nIce on my boys and my wrist this flex\nI don't need nobody tryna give me shit\nTwistin' me up like licorice\nThink I need someone who can handle it\nIce on my boys and my wrist this flex\nI don't need nobody tryna give me shit\n"}}, {"model": "resthampton_app.songpart", "pk": 93, "fields": {"partType": "Verse", "runtime": null, "song": 13, "position": 3, "lyrics": "Don't call me stupid\nThat ain't the way my name pronounced\nDon't call me Cupid\nI got too many hoes right now\nPoolside in Houston\nTryna see if Beyonc\u00e9 will take me for adoption\nBroke-ass rich suburbs\nA civilian shot in Third Ward, we just by the fountain\nThis is Merlyn Wood, man\nEverywhere I go is the woodlands\nI need a honeybutter\nVodka in a Sprite can\nWhen I'm in the Whataburger\nAll the kids know who I am\nI need a honeybutter\nPuttin' lean in my Sprite can\n"}}, {"model": "resthampton_app.songpart", "pk": 94, "fields": {"partType": "Chorus", "runtime": null, "song": 13, "position": 4, "lyrics": "Twistin' me up like licorice\nThink I need someone who can handle it\nIce on my boys and my wrist this flex\nI don't need nobody tryna give me shit\nTwistin' me up like licorice\nThink I need someone who can handle it\nIce on my boys and my wrist this flex\nI don't need nobody tryna give me shit\n"}}, {"model": "resthampton_app.songpart", "pk": 95, "fields": {"partType": "Verse", "runtime": null, "song": 13, "position": 6, "lyrics": "It's funny how things can change\nThree hundred dollars to my name, left to Hollywood\nI was living off Ramen and change\nFive hundred dollars on these dinners, never have to pay\nGrowing up my teachers told me\n\"You better get them grades up if you wanna finish high school\nAnd after high school, you better get a degree\n'Cause it's a dog-eat-dog world, you could live in the street\"\nFlashback, I had my Walkman in the minivan\nListening to NSYNC, saw my name on the CD\nBleach blond tips, wanted to be JT\nWanted to do big things, had to fulfill a dream\nOne might say I was doomed from the get-go\nBut those same people assume, 'cause they'll never know\nWhat it's like to be called to what's not set in stone\nI am one with the ebb and flow, that's all I know\n"}}, {"model": "resthampton_app.songpart", "pk": 96, "fields": {"partType": "Verse", "runtime": null, "song": 13, "position": 5, "lyrics": "I got a record but I'm clean as they come\nI'm Godzilla, when they see me they run\nOn 37th, used to run from the bloods\nThe undercovers gotta duck when they come\nI moved out and in a couple of months\nI'ma be a pop star, they call me a thug\nI used to write raps on the back of the bus\nNow I'm in the front seat shifting the gears\n"}}, {"model": "resthampton_app.songpart", "pk": 97, "fields": {"partType": "Chorus", "runtime": null, "song": 13, "position": 7, "lyrics": "Twistin' me up like licorice\nThink I need someone who can handle it\nIce on my boys and my wrist this flex\nI don't need nobody tryna give me shit\nTwistin' me out like licorice\nThink I need someone who can handle it\nIce on my boys and my wrist this flex\nI don't need nobody tryna give me shit\nTwistin' me up like licorice\nThink I need someone who can handle it\nIce on my boys and my wrist this flex\nI don't need nobody tryna give me shit\nTwistin' me out like licorice\nThink I need someone who can handle it\nIce on my boys and my wrist this flex\nI don't need nobody tryna give me shit"}}, {"model": "resthampton_app.songpart", "pk": 98, "fields": {"partType": "Verse", "runtime": null, "song": 13, "position": 2, "lyrics": "The original lick-splickety, higher than Yosemite\nBreaking the mold mentally, master with no limiting\nMaking 'em say \"ugh!\", they worshipping our force viciously\nWatching the floor tip in your temple of authenticity\nOften they say I\u2019m off it, I offer my crossed empathy\nThey forgot what we on, I\u2019ll remind 'em with hostility\nHot-diggity damn, everyone running scams\nGotta cover your clams and take another glance\nRunning a clinic, no scans, ain't no one claimin' yo mans\nIt's all pertaining to plan, call me the architect\nLap you in a UFO, I haven't started yet\nStill gotta figure out exactly where to park it at\nMoses with the pen, each line an ocean I can part it at\nBut that's too deep\n"}}, {"model": "resthampton_app.songpart", "pk": 99, "fields": {"partType": "Verse", "runtime": null, "song": 12, "position": 1, "lyrics": "I'm the sun and the moon\nI'm the light and the dark, I am life in the tomb\nI'm the pharaoh and slave, gentrifying my spirit\nIt's like a knife in the womb, refuse to act like a parrot\nOr to dance like a monkey, see your stance is apparent\nThat's why I'm here for the money, don't care to cater to Mary\nY'all fetishizing my spirit, I see your culture\u2019s dependent\nOn what you didn\u2019t inherit, won't let my world be attempted\nI'm staying distant\n"}}, {"model": "resthampton_app.songpart", "pk": 100, "fields": {"partType": "Verse", "runtime": null, "song": 12, "position": 0, "lyrics": "My male role models drug dealers and thugs\nMy father learned how to solve problems with guns\nAnd when I grew up I learned what racism was\nAnd what teaching it does, and like my teachers would say\n\"Little black boys have a place in the world\nLike hanging from trees.\"\nOr dead in the street, like I seen on TV\nAll them boys they killed, they looked just like me\nNot like Brandon or Chandler, but Malik and Kareem\nI was born with a target, and it stuck to my skin\nAnd I learned in social studies, I was one of them men\nWho were locked in the chains, but not locked in the pen\nBut I'm bigger than that, I'm the beginning and end\n"}}, {"model": "resthampton_app.songpart", "pk": 101, "fields": {"partType": "Chorus", "runtime": null, "song": 12, "position": 2, "lyrics": "Who gonna be the reason why I get high?\nWho gonna be the reason why I turn over?\nWho gonna be the gunner that I don't trust?\nWho gonna be the gunner that get they ass whooped?\nWho gonna be the reason why I get high?\nWho gonna be the reason why I turn over?\nWho gonna be the gunner that I don't trust?\nWho gonna be the gunner that get they ass whooped?\nWho gonna be the reason why I get high? (Bloodsucka!)\nWho gonna be the reason why I turn over? (Bloodsucka!)\nWho gonna be the gunner that I don't trust? (Bloodsucka!)\nWho gonna be the gunner that get they ass whooped? (Bloodsucka!)\nWho gonna be the reason why I get high? (Bloodsucka!)\nWho gonna be the reason why I turn over? (Bloodsucka!)\nWho gonna be the gunner that I don't trust? (Bloodsucka!)\nWho gonna be the gunner that get they ass whooped? (Bloodsucka!)\n"}}, {"model": "resthampton_app.songpart", "pk": 102, "fields": {"partType": "Bridge", "runtime": null, "song": 12, "position": 3, "lyrics": "Bum, bum, beat 'em, I would never wanna be 'em\nIf I catch 'em slipping, they gon' have to meet the eagle\nBum, bum, beat 'em, treat these niggas how I see 'em\nI don't need you either, send you right back where I seen ya\nBum, bum, beat 'em, I would never wanna be 'em\nIf I catch 'em slipping, they gon' have to meet the eagle\nBum, bum, beat 'em, treat these niggas how I see 'em\nI don't need you either, send you right back where I seen ya\n"}}, {"model": "resthampton_app.songpart", "pk": 103, "fields": {"partType": "Outro", "runtime": null, "song": 12, "position": 4, "lyrics": "In the game, in the game, in the game, in the game (bloodsucka!)\nIn the game, in the game, in the game, in the game (bloodsucka!)\nRunning thangs, running, run, running, run, running thangs (bloodsucka!)\nRunning thangs, running, run, running, run, running thangs\nIn the game, in the game, in the game, in the, in the\nIn the game, in the game, in the game, running thangs\nRunning thangs, running, run, running, run, running, run\nRunning thangs, running, run, running, run, running thangs"}}, {"model": "resthampton_app.songpart", "pk": 106, "fields": {"partType": "Outro", "runtime": null, "song": 14, "position": 7, "lyrics": "Yeah!\nYeah, yeah, yeah!"}}, {"model": "resthampton_app.songpart", "pk": 107, "fields": {"partType": "Hook", "runtime": null, "song": 14, "position": 6, "lyrics": "Callin', callin', callin', callin', trip, fall (you're all I love)\nCallin', callin', callin', callin', trip (washing on my hands)\nCallin', callin', callin', callin', trip, fall (you're all I love)\nCallin', callin', callin', callin', trip (washing on my hands)\nCallin', callin', callin', callin', trip, fall (you're all I love)\nCallin', callin', callin', callin', trip (washing on my hands)\nWhat you gonna do when you older?\nWhat you gonna do when you grow?\n"}}, {"model": "resthampton_app.songpart", "pk": 108, "fields": {"partType": "Hook", "runtime": null, "song": 14, "position": 3, "lyrics": "Callin', callin', callin', callin', trip, fall\nCallin', callin', callin', callin', trip\nCallin', callin', callin', callin', trip, fall\nCallin', callin', callin', callin', trip\nCallin', callin', callin', callin', trip, fall\nCallin', callin', callin', callin', trip\nWhat you gonna do when you older?\nWhat you gonna do when you grow?\n"}}, {"model": "resthampton_app.songpart", "pk": 109, "fields": {"partType": "Bridge", "runtime": null, "song": 14, "position": 5, "lyrics": "Don't waste your mind\nI'll be the one to settle\nTo do what I am\nTo say what I am\nDon't waste your mind\nI'll be the one to settle\nTo do what I am\nTo say what I am\n"}}, {"model": "resthampton_app.songpart", "pk": 110, "fields": {"partType": "Verse", "runtime": null, "song": 14, "position": 2, "lyrics": "Split the diamond with us\nFuck taking the bus\nI want a whip to call my own and a home to call my own\nAll 14-15 of my niggas\nTo figure, oooh, that's a step-back\nOooh, my nigga, that's a step-back\nIf I had to choose, I would not choose you\nIf I had to stop, I would turn around and choose glue\nIf I had to hit the breaks, I'ma stop right\nIf I had to choose, I'ma not choose you\nIf I had to turn around, I'ma turn into some glue\nIf I had to hit the breaks, I'ma stop right here, yeah\n"}}, {"model": "resthampton_app.songpart", "pk": 111, "fields": {"partType": "Hook", "runtime": null, "song": 14, "position": 1, "lyrics": "Callin', callin', callin', callin', trip fall\nCallin', callin', callin', callin', trip\nCallin', callin', callin', callin', trip fall\nCallin', callin', callin', callin', trip\nCallin', callin', callin', callin', trip fall\nCallin', callin', callin', callin', trip\nWhat you gonna do when you older?\nWhat you gonna do when you grow?\n"}}, {"model": "resthampton_app.songpart", "pk": 112, "fields": {"partType": "Breakdown", "runtime": null, "song": 14, "position": 4, "lyrics": "You're all I love, washing on my hands\nYou're all I love, washing on my hands\nYou're all I love, washing on my hands\n"}}, {"model": "resthampton_app.songpart", "pk": 113, "fields": {"partType": "Verse", "runtime": null, "song": 14, "position": 0, "lyrics": "I don't know why I wanna fuck with you\nBut all I know is that I really fuck with you\nReally wish you didn't like to fuck with me\nWish you took that energy and trusted me\nI get so exhausted when you fuss with me\nCause all the time could be spent in love with me\nI know I need it and you deserve it\nYou like to size me up and see if it's all worth it\nI don't know where it is now but I'm searchin'\nI think you want what I don't ever want be perfect\nCause I ain't perfect, I just wanna be good to you\nI would take my heart right out the hood for you\nWanna do the things I know I should for you\nStanding by myself until I stood for you\nIf I knew this love, I woulda looked for you\nBut I'm glad you found me, I'm glad you found me\n"}}, {"model": "resthampton_app.songpart", "pk": 114, "fields": {"partType": "Verse", "runtime": null, "song": 15, "position": 3, "lyrics": "I just saw my P.O. (what up, nigga?) he like me, though (he like me, though)\nClean money, tryna stay up out the streets, though\n7 days a week though, (all day) it's that heat, though\nMy daddy called me, said he seen my last video\nLooking at a young me, coulda had a heatstroke\nIn the middle of the summer with my negros\nCool cuts and snow cones, smoking to the ozone\nSmokin' 'til it's all gone, smoking 'til my folks come home\n"}}, {"model": "resthampton_app.songpart", "pk": 115, "fields": {"partType": "Outro", "runtime": null, "song": 15, "position": 5, "lyrics": "Runnin' outta time again\nRunnin' outta time again\nRunnin' outta time again\nMmmm\nAy-yeahhh\nAy-yeahhh\nOooh, oooh, oo-ooh, oooh"}}, {"model": "resthampton_app.songpart", "pk": 116, "fields": {"partType": "Chorus", "runtime": null, "song": 15, "position": 4, "lyrics": "Trip a lot, sinned a lot, send em' all down\nTrip a lot, sinned a lot, send em' all down\nTrip a lot, sinned a lot, send em' all down\nTrip a lot, sinned a lot, send em' all down\nTrip a lot, sinned a lot, send em' all down\nTrip a lot, sinned a lot, send em' all down\nTrip a lot, sinned a lot, send em' all down\nTrip a lot, sinned a lot, send em' all down\n"}}, {"model": "resthampton_app.songpart", "pk": 117, "fields": {"partType": "Verse", "runtime": null, "song": 15, "position": 0, "lyrics": "All I do is work and play\n(Ay-yah-woo-woo)\nTryna' find a place to stay\n(Ay-yah-woo-woo)\nTryna' find some food today\n(Ay-yah-woo-woo)\nThis shit is real hard okay? (Okay)\nTake that, homie got the Lysol spray, ain\u2019t it? (Ain't it?)\nYou don't wanna see all my bad days, ain't it?\nYou don't wanna see what I got to say, ain't it?\nYou don't wanna see my boys, man they ain't friendly (ain't friendly!)\n"}}, {"model": "resthampton_app.songpart", "pk": 118, "fields": {"partType": "Chorus", "runtime": null, "song": 15, "position": 1, "lyrics": "Trip a lot, sinned a lot, send em' all down\nTrip a lot, sinned a lot, send em' all down\nTrip a lot, sinned a lot, send em' all down\nTrip a lot, sinned a lot, send em' all down\nTrip a lot, sinned a lot, send em' all down\nTrip a lot, sinned a lot, send em' all down\nTrip a lot, sinned a lot, send em' all down\nTrip a lot, sinned a lot, send em' all down\n"}}, {"model": "resthampton_app.songpart", "pk": 119, "fields": {"partType": "Bridge", "runtime": null, "song": 15, "position": 2, "lyrics": "It ain't my birthday yet and I'm acting like a bitch\nScreaming \"motherfuck your set\" like I'm 2Pac\nAin't got no ice on me yet, still feeling how I dress\nSo much dickies and I got these hoes from Walmart\nIt ain't my birthday yet and I'm acting like a bitch\nScreaming \"motherfuck your set\" like I'm 2Pac\nAin't got no ice on me yet, still feeling how I dress\nSo much dickies and I got these hoes from Walmart\n"}}, {"model": "resthampton_app.songpart", "pk": 120, "fields": {"partType": "Verse", "runtime": null, "song": 16, "position": 1, "lyrics": "You know that you should be my boy\nOooh, yeah, yeah\nIn the heat of the summer\nYou're so different from the rest\nYou know, you know, you know, oh-oh\nYou know that you should be my boy\nOh, yes, you know, oh yes, you know\nIn the heat of the summer\nYou're so different from the rest\nYou know, you know, you know"}}, {"model": "resthampton_app.songpart", "pk": 121, "fields": {"partType": "Verse", "runtime": null, "song": 16, "position": 0, "lyrics": "In the heat of the summer, oh\nYeah, yeah, mhm\nYou know that you should be my boy\nOh yes, you know\nIn the heat of the summer\nYou're so different from the rest\nYou know, you know, you know, oh-oh\nYou know that you should be my boy\nOh yes, you do\nIn the heat of the summer\nYou're so different from the rest\nYou know, you know, you know\n"}}, {"model": "resthampton_app.songpart", "pk": 122, "fields": {"partType": "Chorus", "runtime": null, "song": 3, "position": 0, "lyrics": "La-di-da-di-da-di-da, do I trust 'em? Probably not\nI think that y'all prolly fraud, I think that my brain is fried\nLa-di-da-di-da-di-da, do not turn my volume down\nDo not bring your friends around, only few I'm holding down\nLa-di-da-di-da-di-da, do I trust 'em? Probably not\nI think that y'all prolly fraud, I think that my brain is fried\nLa-di-da-di-da-di-da, do not turn my volume down\nDo not bring your friends around, only few I'm holding down\n"}}, {"model": "resthampton_app.songpart", "pk": 123, "fields": {"partType": "Verse", "runtime": null, "song": 3, "position": 3, "lyrics": "Just shaved down to the baby face\nClothes on me, guess it's Holiday\nFried, no sides at the restaurant\nMy sleep schedule like the power here, it's never on\nFeeling like the past year a whole escapade (uh-oh)\nFour cars, need a motherfucking Escalade\nPack it up like a clown car (honk, honk)\nBet you know my name from here to Hong Kong, bet I get along\nMake some commas, karma, come on, watch 'em sing along\nAyy, err, err, butter knife like dancing on a knuckle\nIn the thunder car, rocked up in the Lumma\nIncidental, I be better by the summer\nI be better by the winter, I be hoppin' in the rental\nMaybe Tesla for all my missus sitting in the Volvo\nDamn, shoot 'em down like\nHmmm, sorry, do it all here\n"}}, {"model": "resthampton_app.songpart", "pk": 124, "fields": {"partType": "Verse", "runtime": null, "song": 3, "position": 5, "lyrics": "I'm moonwalking on the sun hot\nI used to live where the guns popped\nMade some records then we moved out\nTurned rap into the new pop\nBandana, I'm the new Pac\nI been blowing up, I can't stop\nThey need my niggas in the White House\nI do business with the white folks\nBring that money back to black folks\nFlip it, stimulate the cash flow\nEconomic, but I speak ebonics\nL.A. turned me to an asshole\nI been shopping down on Melrose\nStill a nigga but I'm livin' different\nI been looking at the bigger picture\nSo I don't hear 'em when they talking to me\n"}}, {"model": "resthampton_app.songpart", "pk": 125, "fields": {"partType": "Chorus", "runtime": null, "song": 3, "position": 4, "lyrics": "La-di-da-di-da-di-da, do I trust 'em? Probably not\nI think that y'all prolly fraud, I think that my brain is fried\nLa-di-da-di-da-di-da, do not turn my volume down\nDo not bring your friends around, only few I'm holding down\nLa-di-da-di-da-di-da, do I trust 'em? Probably not\nI think that y'all prolly fraud, I think that my brain is fried\nLa-di-da-di-da-di-da, do not turn my volume down\nDo not bring your friends around, only few I'm holding down\n"}}, {"model": "resthampton_app.songpart", "pk": 126, "fields": {"partType": "Verse", "runtime": null, "song": 3, "position": 6, "lyrics": "I just want a friend to fall in love with\nMaybe someone I can binge drugs with\nLiving like a prince but I'm dove-less\nPlayin' my emotions, you a dumb bitch\nEverybody talking on some gun shit\nThey don't even know where to bust it\nCry nigga, gotta fuckin' kick back\nGotta leave those soft niggas at the kickback\nSplittin' all my problems like a Kit-Kat\nI finessed the night that we slipped up\nI could let you know where I'm next at\nTell my baby girl where the brakes at\nYou know I got number one pick stats\nCatch me on the field, it's a mismatch\nMore like an eclipse, she couldn't miss that\nPutting my appearance where my chips at\n"}}, {"model": "resthampton_app.songpart", "pk": 127, "fields": {"partType": "Outro", "runtime": null, "song": 3, "position": 8, "lyrics": "La-di-da-di-da-di-da\n(La-di-da-di-da-di-da, do-walla, do-walla-walla, do-walla)\nLa-di-da-di-da-di-da\n(La-di-da-di-da-di-da, do-walla, do-walla-walla, do-walla)\nLa-di-da-di-da-di-da\n(La-di-da-di-da-di-da, do-walla, do-walla-walla, do-walla)"}}, {"model": "resthampton_app.songpart", "pk": 128, "fields": {"partType": "Verse", "runtime": null, "song": 3, "position": 1, "lyrics": "Hi, I live a wonderful life\nShould've died twice, wonder who on my side\nLife always better keepin' two on the side\nNeed no music when my niggas arrive\nWe in Van Nuys, black van with some white guys\nKeep your hand out, waiting for the appropriate time\nThey ask a question like\n\"Could you perform at my best friend's birthday party?\nWith your friends and go crazy, just bring the shotty\nBring the loud one with the blonde hair.\"\nMaking out with Zayn in a lawn chair\nThey kicked me out but I belong here\nHear these songs nigga, see this long hair, see these videos\nDirect these hoes with no budgets though\nHow the fuck did I land a fucking TV show?\nMet all my friends through Kanye West and I ain't met him yet\n"}}, {"model": "resthampton_app.songpart", "pk": 129, "fields": {"partType": "Chorus", "runtime": null, "song": 3, "position": 7, "lyrics": "La-di-da-di-da-di-da, do I trust 'em? Probably not\nI think that y'all prolly fraud, I think that my brain is fried\nLa-di-da-di-da-di-da, do not turn my volume down\nDo not bring your friends around, only few I'm holding down\nLa-di-da-di-da-di-da, do I trust 'em? Probably not\nI think that y'all prolly fraud, I think that my brain is fried\nLa-di-da-di-da-di-da, do not turn my volume down\nDo not bring your friends around, only few I'm holding down\n"}}, {"model": "resthampton_app.songpart", "pk": 130, "fields": {"partType": "Chorus", "runtime": null, "song": 3, "position": 2, "lyrics": "La-di-da-di-da-di-da, do I trust 'em? Probably not\nI think that y'all prolly fraud, I think that my brain is fried\nLa-di-da-di-da-di-da, do not turn my volume down\nDo not bring your friends around, only few I'm holding down\n"}}, {"model": "resthampton_app.songpart", "pk": 131, "fields": {"partType": "Verse", "runtime": null, "song": 4, "position": 0, "lyrics": "I done been in trouble, 'bout as long as I remember\nMy momma tried to help me, but I hardly ever listened\nSo she sent me to them white schools, I learned that I was different\nThey told me I'm a nigga, well now I know I am\nI got my finger on the trigger, I'm a project baby\nA free lunch felon, and I'm hungry every minute\nEmpty stomach, weed smoke can't fill it\nIf you don't listen to me, I set fire to the building\nNeed to listen to the children and the weapons they concealing\nHear the voices of a million when I sell my first million\nI am bound to go diamond, ain't no luck or surprises\nI am tanning on an island\nI can feel the pressure but I see my new horizons\nMe and all my niggas getting stars down on Sunset Boulevard\nBut niggas from the Southside with Xan bars and gun play\nNiggas on that \"someday...\"\nIf you shooting for the stars, you only headed one way"}}, {"model": "resthampton_app.songpart", "pk": 132, "fields": {"partType": "Hook", "runtime": null, "song": 5, "position": 2, "lyrics": "Fucking commas up from the outside\nFrom the outside, from the outside\nFu-fucking dollars up from the outside\nFrom the outside, from the outside\nThey been talkin' down on me (huh) what ya say?\nThey been talkin' down on me (huh) what ya say?\nThey been talkin' down on me (huh) what ya say?\nThey been talkin' down on me (huh) what ya say?\n"}}, {"model": "resthampton_app.songpart", "pk": 133, "fields": {"partType": "Verse", "runtime": null, "song": 5, "position": 4, "lyrics": "I know you hate me for leavin'\nThen let's go crazy together\nWhen I tell ya all the things that I'm thinking\nJust so that we could get better\nBut you wanna put my heart on the stretcher\nI don't got insurance for this pressure\nWanna find the benefits, I can't measure\nTrying not to run out on my temper\nI can see the ash and the ember\nThat was made from emotional texture\nI don't know why I took this endeavor\nDon't identify with oppressors\nDon't identify with surrender\nAll of my old friends fair-weather\nGotta treat my heart like a treasure\n'Cause all I know is no one else will\n"}}, {"model": "resthampton_app.songpart", "pk": 134, "fields": {"partType": "Verse", "runtime": null, "song": 5, "position": 6, "lyrics": "You do not know me, don't speak of my homies, you are a phony\nQuit pinnin' shit on me, you gon' bring out the old me\nYou don't wanna know what I wanna do when y'all talk down on my name\nI don't wanna see you in the street 'cause I might catch a case\nPeople smile when they face to face (woo, woo, woo!)\nThen turn their back and switch up words you say (ah, ah, ah!)\nRunning to the papers everyday (woo, woo, woo!)\nI'm running to the paper anyway (ah, ah, ah!)\n"}}, {"model": "resthampton_app.songpart", "pk": 135, "fields": {"partType": "Hook", "runtime": null, "song": 5, "position": 7, "lyrics": "Fucking commas up from the outside\nFrom the outside, from the outside\nFu-fucking dollars up from the outside\nFrom the outside, from the outside\nThey been talkin' down on me (huh) what ya say?\nThey been talkin' down on me (huh) what ya say?\nThey been talkin' down on me (huh) what ya say?\nThey been talkin' down on me (huh) what ya say?"}}, {"model": "resthampton_app.songpart", "pk": 136, "fields": {"partType": "Hook", "runtime": null, "song": 5, "position": 5, "lyrics": "Fucking commas up from the outside\nFrom the outside, from the outside\nFu-fucking dollars up from the outside\nFrom the outside, from the outside\nThey been talkin' down on me (huh) what ya say?\nThey been talkin' down on me (huh) what ya say?\nThey been talkin' down on me (huh) what ya say?\nThey been talkin' down on me (huh) what ya say?\n"}}, {"model": "resthampton_app.songpart", "pk": 137, "fields": {"partType": "Verse", "runtime": null, "song": 5, "position": 3, "lyrics": "Never would've met my friends if not for satellites\nYeah, I'll cuff her even if she do not suck me right\nAlways planned to be a rapper when I failed at life\nLuckily professor failed me at the proper time\nShh-shh, shh, I say \"please\" all the time, bitch\nShh-shh, shh, I like white collar crime, bitch\nShh-shh, shh, money digital broke and\nShh-shh, shh, Ghana prince in your messages\n"}}, {"model": "resthampton_app.songpart", "pk": 138, "fields": {"partType": "Hook", "runtime": null, "song": 5, "position": 0, "lyrics": "Fucking commas up from the outside\nFrom the outside, from the outside\nFu-fucking dollars up from the outside\nFrom the outside, from the outside\nThey been talkin' down on me (huh) what ya say?\nThey been talkin' down on me (huh) what ya say?\nThey been talkin' down on me (huh) what ya say?\nThey been talkin' down on me (huh) what ya say?\n"}}, {"model": "resthampton_app.songpart", "pk": 139, "fields": {"partType": "Verse", "runtime": null, "song": 5, "position": 1, "lyrics": "My daddy taught me how to sell dope\nTurn grams into elbows\nLight it up when the L rolled\nBlack mask, used to kick doors\nWasn't no bullets in the guns though\nNiggas still never argued\nRaid the house like the task force\nMe and my niggas like drug dogs\nFind the dope then we take off\nFuck my girl with my chain on\nThen she tatted my name on it\nYellowstone, I was raised on it\nActavis in my baby bottle\nBaby stroller was an Impala\nNiggas like to talk down on me\nWhen I see 'em, I don't hear about it\n"}}, {"model": "resthampton_app.songpart", "pk": 140, "fields": {"partType": "Skit", "runtime": null, "song": 6, "position": 0, "lyrics": "No soy como los dem\u00e1s\nNo hago cosas solamente para divertirme\nSiento como si en los \u00faltimos meses hubiera estado sentado en ese bowl gigante de cereal, el mismo que sol\u00edamos comer de j\u00f3venes\nSiento como si estuviera flotando en la leche, medio ahog\u00e1ndome\nPuedo olerla en mi ropa si respiro profundamente\nOjal\u00e1 te pudiera ver como antes\nAcostados juntos a ver qui\u00e9n de los dos se dorm\u00eda primero\nQuisiera repetirlo\nTe extra\u00f1o, te amo\nPedazo de mierda"}}, {"model": "resthampton_app.person", "pk": 1, "fields": {"name": "Kevin Abstract", "img_lg": "media/albums/large/ka.png", "img_md": "", "img_sm": "media/albums/small/75_ka_icon.png"}}, {"model": "resthampton_app.person", "pk": 2, "fields": {"name": "Ameer Vann", "img_lg": "media/albums/large/av.jpg", "img_md": "", "img_sm": "media/albums/small/75_av_icon.jpg"}}, {"model": "resthampton_app.person", "pk": 3, "fields": {"name": "Dom McLennon", "img_lg": "media/albums/large/dm.jpg", "img_md": "", "img_sm": "media/albums/small/75_dm_icon.jpg"}}, {"model": "resthampton_app.person", "pk": 4, "fields": {"name": "Merlyn Wood", "img_lg": "media/albums/large/mw.jpg", "img_md": "", "img_sm": "media/albums/small/75_mw_icon.jpg"}}, {"model": "resthampton_app.person", "pk": 5, "fields": {"name": "Matt Champion", "img_lg": "media/albums/large/mc.jpg", "img_md": "", "img_sm": "media/albums/small/75_mc_icon.jpg"}}, {"model": "resthampton_app.person", "pk": 6, "fields": {"name": "Joba", "img_lg": "media/albums/large/j.png", "img_md": "", "img_sm": "media/albums/small/75_j_icon.png"}}, {"model": "resthampton_app.person", "pk": 7, "fields": {"name": "Bearface", "img_lg": "media/albums/large/bf.jpg", "img_md": "", "img_sm": "media/albums/small/75_bf_icon.jpg"}}, {"model": "resthampton_app.person", "pk": 8, "fields": {"name": "Romil Hemnani", "img_lg": "media/albums/large/rh.jpg", "img_md": "", "img_sm": "media/albums/small/75_rh_icon.jpg"}}, {"model": "resthampton_app.person", "pk": 9, "fields": {"name": "Jabari Manwa", "img_lg": "", "img_md": "", "img_sm": "media/albums/small/75_jm_icon.jpg"}}, {"model": "resthampton_app.person", "pk": 10, "fields": {"name": "Kiko Merley", "img_lg": "", "img_md": "", "img_sm": "media/albums/small/75_km_icon.jpg"}}, {"model": "resthampton_app.person", "pk": 11, "fields": {"name": "Henock Sileshi", "img_lg": "", "img_md": "", "img_sm": ""}}, {"model": "resthampton_app.person", "pk": 12, "fields": {"name": "Ashlan Grey", "img_lg": "", "img_md": "", "img_sm": ""}}, {"model": "resthampton_app.person", "pk": 13, "fields": {"name": "Robert Ontenient", "img_lg": "", "img_md": "", "img_sm": "media/albums/small/75_ro_icon.jpg"}}, {"model": "resthampton_app.person", "pk": 14, "fields": {"name": "Jon Nunes", "img_lg": "", "img_md": "", "img_sm": ""}}, {"model": "resthampton_app.person", "pk": 15, "fields": {"name": "Rodney Tenor", "img_lg": "", "img_md": "", "img_sm": ""}}, {"model": "resthampton_app.person", "pk": 16, "fields": {"name": "Albert Gordon", "img_lg": "", "img_md": "", "img_sm": ""}}, {"model": "resthampton_app.person", "pk": 17, "fields": {"name": "Franklin Mendez", "img_lg": "", "img_md": "", "img_sm": ""}}, {"model": "resthampton_app.person", "pk": 18, "fields": {"name": "Grayson Glynn Carter", "img_lg": "", "img_md": "", "img_sm": ""}}, {"model": "resthampton_app.person", "pk": 19, "fields": {"name": "Anish Ochani", "img_lg": "", "img_md": "", "img_sm": ""}}, {"model": "resthampton_app.person", "pk": 20, "fields": {"name": "Kevin Doan", "img_lg": "", "img_md": "", "img_sm": ""}}, {"model": "resthampton_app.person", "pk": 21, "fields": {"name": "Q3", "img_lg": "", "img_md": "", "img_sm": "media/albums/small/75_q3_icon.jpg"}}, {"model": "resthampton_app.songparttoperson", "pk": 1, "fields": {"relationshipType": "Writer", "person": 1, "songPart": 1}}, {"model": "resthampton_app.songparttoperson", "pk": 2, "fields": {"relationshipType": "Writer", "person": 1, "songPart": 2}}, {"model": "resthampton_app.songparttoperson", "pk": 3, "fields": {"relationshipType": "Writer", "person": 4, "songPart": 3}}, {"model": "resthampton_app.songparttoperson", "pk": 4, "fields": {"relationshipType": "Writer", "person": 2, "songPart": 4}}, {"model": "resthampton_app.songparttoperson", "pk": 5, "fields": {"relationshipType": "Writer", "person": 3, "songPart": 5}}, {"model": "resthampton_app.songparttoperson", "pk": 6, "fields": {"relationshipType": "Writer", "person": 1, "songPart": 6}}, {"model": "resthampton_app.songparttoperson", "pk": 7, "fields": {"relationshipType": "Writer", "person": 5, "songPart": 7}}, {"model": "resthampton_app.songparttoperson", "pk": 8, "fields": {"relationshipType": "Writer", "person": 1, "songPart": 8}}, {"model": "resthampton_app.songparttoperson", "pk": 9, "fields": {"relationshipType": "Writer", "person": 6, "songPart": 8}}, {"model": "resthampton_app.songparttoperson", "pk": 10, "fields": {"relationshipType": "Writer", "person": 5, "songPart": 9}}, {"model": "resthampton_app.songparttoperson", "pk": 11, "fields": {"relationshipType": "Writer", "person": 4, "songPart": 10}}, {"model": "resthampton_app.songparttoperson", "pk": 12, "fields": {"relationshipType": "Writer", "person": 5, "songPart": 11}}, {"model": "resthampton_app.songparttoperson", "pk": 13, "fields": {"relationshipType": "Writer", "person": 1, "songPart": 11}}, {"model": "resthampton_app.songparttoperson", "pk": 14, "fields": {"relationshipType": "Writer", "person": 1, "songPart": 12}}, {"model": "resthampton_app.songparttoperson", "pk": 15, "fields": {"relationshipType": "Writer", "person": 3, "songPart": 13}}, {"model": "resthampton_app.songparttoperson", "pk": 16, "fields": {"relationshipType": "Writer", "person": 1, "songPart": 14}}, {"model": "resthampton_app.songparttoperson", "pk": 17, "fields": {"relationshipType": "Writer", "person": 5, "songPart": 14}}, {"model": "resthampton_app.songparttoperson", "pk": 18, "fields": {"relationshipType": "Writer", "person": 1, "songPart": 15}}, {"model": "resthampton_app.songparttoperson", "pk": 19, "fields": {"relationshipType": "Writer", "person": 2, "songPart": 16}}, {"model": "resthampton_app.songparttoperson", "pk": 20, "fields": {"relationshipType": "Writer", "person": 1, "songPart": 17}}, {"model": "resthampton_app.songparttoperson", "pk": 27, "fields": {"relationshipType": "Writer", "person": 6, "songPart": 49}}, {"model": "resthampton_app.songparttoperson", "pk": 28, "fields": {"relationshipType": "Writer", "person": 1, "songPart": 50}}, {"model": "resthampton_app.songparttoperson", "pk": 29, "fields": {"relationshipType": "Writer", "person": 1, "songPart": 51}}, {"model": "resthampton_app.songparttoperson", "pk": 30, "fields": {"relationshipType": "Writer", "person": 6, "songPart": 52}}, {"model": "resthampton_app.songparttoperson", "pk": 31, "fields": {"relationshipType": "Writer", "person": 2, "songPart": 53}}, {"model": "resthampton_app.songparttoperson", "pk": 32, "fields": {"relationshipType": "Writer", "person": 3, "songPart": 54}}, {"model": "resthampton_app.songparttoperson", "pk": 35, "fields": {"relationshipType": "Writer", "person": 1, "songPart": 58}}, {"model": "resthampton_app.songparttoperson", "pk": 36, "fields": {"relationshipType": "Writer", "person": 7, "songPart": 59}}, {"model": "resthampton_app.songparttoperson", "pk": 37, "fields": {"relationshipType": "Writer", "person": 5, "songPart": 60}}, {"model": "resthampton_app.songparttoperson", "pk": 38, "fields": {"relationshipType": "Writer", "person": 3, "songPart": 61}}, {"model": "resthampton_app.songparttoperson", "pk": 39, "fields": {"relationshipType": "Writer", "person": 4, "songPart": 62}}, {"model": "resthampton_app.songparttoperson", "pk": 40, "fields": {"relationshipType": "Writer", "person": 1, "songPart": 63}}, {"model": "resthampton_app.songparttoperson", "pk": 41, "fields": {"relationshipType": "Writer", "person": 2, "songPart": 64}}, {"model": "resthampton_app.songparttoperson", "pk": 48, "fields": {"relationshipType": "Writer", "person": 2, "songPart": 71}}, {"model": "resthampton_app.songparttoperson", "pk": 49, "fields": {"relationshipType": "Writer", "person": 4, "songPart": 72}}, {"model": "resthampton_app.songparttoperson", "pk": 50, "fields": {"relationshipType": "Writer", "person": 5, "songPart": 73}}, {"model": "resthampton_app.songparttoperson", "pk": 51, "fields": {"relationshipType": "Writer", "person": 6, "songPart": 73}}, {"model": "resthampton_app.songparttoperson", "pk": 52, "fields": {"relationshipType": "Writer", "person": 5, "songPart": 74}}, {"model": "resthampton_app.songparttoperson", "pk": 53, "fields": {"relationshipType": "Writer", "person": 3, "songPart": 75}}, {"model": "resthampton_app.songparttoperson", "pk": 54, "fields": {"relationshipType": "Writer", "person": 13, "songPart": 76}}, {"model": "resthampton_app.songparttoperson", "pk": 55, "fields": {"relationshipType": "Writer", "person": 1, "songPart": 77}}, {"model": "resthampton_app.songparttoperson", "pk": 56, "fields": {"relationshipType": "Writer", "person": 2, "songPart": 78}}, {"model": "resthampton_app.songparttoperson", "pk": 57, "fields": {"relationshipType": "Writer", "person": 13, "songPart": 79}}, {"model": "resthampton_app.songparttoperson", "pk": 69, "fields": {"relationshipType": "Writer", "person": 5, "songPart": 91}}, {"model": "resthampton_app.songparttoperson", "pk": 70, "fields": {"relationshipType": "Writer", "person": 1, "songPart": 92}}, {"model": "resthampton_app.songparttoperson", "pk": 71, "fields": {"relationshipType": "Writer", "person": 4, "songPart": 93}}, {"model": "resthampton_app.songparttoperson", "pk": 72, "fields": {"relationshipType": "Writer", "person": 1, "songPart": 94}}, {"model": "resthampton_app.songparttoperson", "pk": 73, "fields": {"relationshipType": "Writer", "person": 6, "songPart": 95}}, {"model": "resthampton_app.songparttoperson", "pk": 74, "fields": {"relationshipType": "Writer", "person": 2, "songPart": 96}}, {"model": "resthampton_app.songparttoperson", "pk": 75, "fields": {"relationshipType": "Writer", "person": 1, "songPart": 97}}, {"model": "resthampton_app.songparttoperson", "pk": 76, "fields": {"relationshipType": "Writer", "person": 3, "songPart": 98}}, {"model": "resthampton_app.songparttoperson", "pk": 77, "fields": {"relationshipType": "Writer", "person": 3, "songPart": 99}}, {"model": "resthampton_app.songparttoperson", "pk": 78, "fields": {"relationshipType": "Writer", "person": 2, "songPart": 100}}, {"model": "resthampton_app.songparttoperson", "pk": 79, "fields": {"relationshipType": "Writer", "person": 1, "songPart": 101}}, {"model": "resthampton_app.songparttoperson", "pk": 80, "fields": {"relationshipType": "Writer", "person": 4, "songPart": 101}}, {"model": "resthampton_app.songparttoperson", "pk": 81, "fields": {"relationshipType": "Writer", "person": 1, "songPart": 102}}, {"model": "resthampton_app.songparttoperson", "pk": 82, "fields": {"relationshipType": "Writer", "person": 2, "songPart": 103}}, {"model": "resthampton_app.songparttoperson", "pk": 83, "fields": {"relationshipType": "Writer", "person": 4, "songPart": 103}}, {"model": "resthampton_app.songparttoperson", "pk": 85, "fields": {"relationshipType": "Writer", "person": 6, "songPart": 106}}, {"model": "resthampton_app.songparttoperson", "pk": 86, "fields": {"relationshipType": "Writer", "person": 1, "songPart": 107}}, {"model": "resthampton_app.songparttoperson", "pk": 87, "fields": {"relationshipType": "Writer", "person": 1, "songPart": 108}}, {"model": "resthampton_app.songparttoperson", "pk": 88, "fields": {"relationshipType": "Writer", "person": 7, "songPart": 109}}, {"model": "resthampton_app.songparttoperson", "pk": 89, "fields": {"relationshipType": "Writer", "person": 1, "songPart": 110}}, {"model": "resthampton_app.songparttoperson", "pk": 90, "fields": {"relationshipType": "Writer", "person": 1, "songPart": 111}}, {"model": "resthampton_app.songparttoperson", "pk": 91, "fields": {"relationshipType": "Writer", "person": 1, "songPart": 112}}, {"model": "resthampton_app.songparttoperson", "pk": 92, "fields": {"relationshipType": "Writer", "person": 3, "songPart": 113}}, {"model": "resthampton_app.songparttoperson", "pk": 93, "fields": {"relationshipType": "Writer", "person": 2, "songPart": 114}}, {"model": "resthampton_app.songparttoperson", "pk": 94, "fields": {"relationshipType": "Writer", "person": 4, "songPart": 114}}, {"model": "resthampton_app.songparttoperson", "pk": 95, "fields": {"relationshipType": "Writer", "person": 7, "songPart": 115}}, {"model": "resthampton_app.songparttoperson", "pk": 96, "fields": {"relationshipType": "Writer", "person": 6, "songPart": 115}}, {"model": "resthampton_app.songparttoperson", "pk": 97, "fields": {"relationshipType": "Writer", "person": 1, "songPart": 116}}, {"model": "resthampton_app.songparttoperson", "pk": 98, "fields": {"relationshipType": "Writer", "person": 4, "songPart": 117}}, {"model": "resthampton_app.songparttoperson", "pk": 99, "fields": {"relationshipType": "Writer", "person": 1, "songPart": 118}}, {"model": "resthampton_app.songparttoperson", "pk": 100, "fields": {"relationshipType": "Writer", "person": 1, "songPart": 119}}, {"model": "resthampton_app.songparttoperson", "pk": 101, "fields": {"relationshipType": "Writer", "person": 7, "songPart": 120}}, {"model": "resthampton_app.songparttoperson", "pk": 102, "fields": {"relationshipType": "Writer", "person": 7, "songPart": 121}}, {"model": "resthampton_app.songparttoperson", "pk": 103, "fields": {"relationshipType": "Writer", "person": 1, "songPart": 122}}, {"model": "resthampton_app.songparttoperson", "pk": 104, "fields": {"relationshipType": "Writer", "person": 5, "songPart": 123}}, {"model": "resthampton_app.songparttoperson", "pk": 105, "fields": {"relationshipType": "Writer", "person": 2, "songPart": 124}}, {"model": "resthampton_app.songparttoperson", "pk": 106, "fields": {"relationshipType": "Writer", "person": 1, "songPart": 125}}, {"model": "resthampton_app.songparttoperson", "pk": 107, "fields": {"relationshipType": "Writer", "person": 3, "songPart": 126}}, {"model": "resthampton_app.songparttoperson", "pk": 108, "fields": {"relationshipType": "Writer", "person": 6, "songPart": 127}}, {"model": "resthampton_app.songparttoperson", "pk": 109, "fields": {"relationshipType": "Writer", "person": 1, "songPart": 128}}, {"model": "resthampton_app.songparttoperson", "pk": 110, "fields": {"relationshipType": "Writer", "person": 1, "songPart": 129}}, {"model": "resthampton_app.songparttoperson", "pk": 111, "fields": {"relationshipType": "Writer", "person": 1, "songPart": 130}}, {"model": "resthampton_app.songparttoperson", "pk": 112, "fields": {"relationshipType": "Writer", "person": 2, "songPart": 131}}, {"model": "resthampton_app.songparttoperson", "pk": 113, "fields": {"relationshipType": "Writer", "person": 1, "songPart": 132}}, {"model": "resthampton_app.songparttoperson", "pk": 114, "fields": {"relationshipType": "Writer", "person": 5, "songPart": 132}}, {"model": "resthampton_app.songparttoperson", "pk": 115, "fields": {"relationshipType": "Writer", "person": 3, "songPart": 133}}, {"model": "resthampton_app.songparttoperson", "pk": 116, "fields": {"relationshipType": "Writer", "person": 6, "songPart": 134}}, {"model": "resthampton_app.songparttoperson", "pk": 117, "fields": {"relationshipType": "Writer", "person": 1, "songPart": 135}}, {"model": "resthampton_app.songparttoperson", "pk": 118, "fields": {"relationshipType": "Writer", "person": 5, "songPart": 135}}, {"model": "resthampton_app.songparttoperson", "pk": 119, "fields": {"relationshipType": "Writer", "person": 1, "songPart": 136}}, {"model": "resthampton_app.songparttoperson", "pk": 120, "fields": {"relationshipType": "Writer", "person": 5, "songPart": 136}}, {"model": "resthampton_app.songparttoperson", "pk": 121, "fields": {"relationshipType": "Writer", "person": 4, "songPart": 137}}, {"model": "resthampton_app.songparttoperson", "pk": 122, "fields": {"relationshipType": "Writer", "person": 1, "songPart": 138}}, {"model": "resthampton_app.songparttoperson", "pk": 123, "fields": {"relationshipType": "Writer", "person": 5, "songPart": 138}}, {"model": "resthampton_app.songparttoperson", "pk": 124, "fields": {"relationshipType": "Writer", "person": 2, "songPart": 139}}, {"model": "resthampton_app.songparttoperson", "pk": 125, "fields": {"relationshipType": "Writer", "person": 13, "songPart": 140}}, {"model": "resthampton_app.songtoperson", "pk": 1, "fields": {"relationshipType": "Producer", "person": 8, "song": 1}}, {"model": "resthampton_app.songtoperson", "pk": 2, "fields": {"relationshipType": "Producer", "person": 8, "song": 2}}, {"model": "resthampton_app.songtoperson", "pk": 3, "fields": {"relationshipType": "Producer", "person": 7, "song": 3}}, {"model": "resthampton_app.songtoperson", "pk": 4, "fields": {"relationshipType": "Producer", "person": 8, "song": 3}}, {"model": "resthampton_app.songtoperson", "pk": 5, "fields": {"relationshipType": "Producer", "person": 8, "song": 4}}, {"model": "resthampton_app.songtoperson", "pk": 6, "fields": {"relationshipType": "Producer", "person": 21, "song": 5}}, {"model": "resthampton_app.songtoperson", "pk": 7, "fields": {"relationshipType": "Producer", "person": 8, "song": 6}}, {"model": "resthampton_app.songtoperson", "pk": 8, "fields": {"relationshipType": "Producer", "person": 9, "song": 7}}, {"model": "resthampton_app.songtoperson", "pk": 9, "fields": {"relationshipType": "Producer", "person": 8, "song": 7}}, {"model": "auth.permission", "pk": 1, "fields": {"name": "Can add log entry", "content_type": 1, "codename": "add_logentry"}}, {"model": "auth.permission", "pk": 2, "fields": {"name": "Can change log entry", "content_type": 1, "codename": "change_logentry"}}, {"model": "auth.permission", "pk": 3, "fields": {"name": "Can delete log entry", "content_type": 1, "codename": "delete_logentry"}}, {"model": "auth.permission", "pk": 4, "fields": {"name": "Can add permission", "content_type": 2, "codename": "add_permission"}}, {"model": "auth.permission", "pk": 5, "fields": {"name": "Can change permission", "content_type": 2, "codename": "change_permission"}}, {"model": "auth.permission", "pk": 6, "fields": {"name": "Can delete permission", "content_type": 2, "codename": "delete_permission"}}, {"model": "auth.permission", "pk": 7, "fields": {"name": "Can add user", "content_type": 3, "codename": "add_user"}}, {"model": "auth.permission", "pk": 8, "fields": {"name": "Can change user", "content_type": 3, "codename": "change_user"}}, {"model": "auth.permission", "pk": 9, "fields": {"name": "Can delete user", "content_type": 3, "codename": "delete_user"}}, {"model": "auth.permission", "pk": 10, "fields": {"name": "Can add group", "content_type": 4, "codename": "add_group"}}, {"model": "auth.permission", "pk": 11, "fields": {"name": "Can change group", "content_type": 4, "codename": "change_group"}}, {"model": "auth.permission", "pk": 12, "fields": {"name": "Can delete group", "content_type": 4, "codename": "delete_group"}}, {"model": "auth.permission", "pk": 13, "fields": {"name": "Can add content type", "content_type": 5, "codename": "add_contenttype"}}, {"model": "auth.permission", "pk": 14, "fields": {"name": "Can change content type", "content_type": 5, "codename": "change_contenttype"}}, {"model": "auth.permission", "pk": 15, "fields": {"name": "Can delete content type", "content_type": 5, "codename": "delete_contenttype"}}, {"model": "auth.permission", "pk": 16, "fields": {"name": "Can add session", "content_type": 6, "codename": "add_session"}}, {"model": "auth.permission", "pk": 17, "fields": {"name": "Can change session", "content_type": 6, "codename": "change_session"}}, {"model": "auth.permission", "pk": 18, "fields": {"name": "Can delete session", "content_type": 6, "codename": "delete_session"}}, {"model": "auth.permission", "pk": 19, "fields": {"name": "Can add song part", "content_type": 7, "codename": "add_songpart"}}, {"model": "auth.permission", "pk": 20, "fields": {"name": "Can change song part", "content_type": 7, "codename": "change_songpart"}}, {"model": "auth.permission", "pk": 21, "fields": {"name": "Can delete song part", "content_type": 7, "codename": "delete_songpart"}}, {"model": "auth.permission", "pk": 22, "fields": {"name": "Can add song", "content_type": 8, "codename": "add_song"}}, {"model": "auth.permission", "pk": 23, "fields": {"name": "Can change song", "content_type": 8, "codename": "change_song"}}, {"model": "auth.permission", "pk": 24, "fields": {"name": "Can delete song", "content_type": 8, "codename": "delete_song"}}, {"model": "auth.permission", "pk": 25, "fields": {"name": "Can add bar", "content_type": 9, "codename": "add_bar"}}, {"model": "auth.permission", "pk": 26, "fields": {"name": "Can change bar", "content_type": 9, "codename": "change_bar"}}, {"model": "auth.permission", "pk": 27, "fields": {"name": "Can delete bar", "content_type": 9, "codename": "delete_bar"}}, {"model": "auth.permission", "pk": 28, "fields": {"name": "Can add person", "content_type": 10, "codename": "add_person"}}, {"model": "auth.permission", "pk": 29, "fields": {"name": "Can change person", "content_type": 10, "codename": "change_person"}}, {"model": "auth.permission", "pk": 30, "fields": {"name": "Can delete person", "content_type": 10, "codename": "delete_person"}}, {"model": "auth.permission", "pk": 31, "fields": {"name": "Can add song to person", "content_type": 11, "codename": "add_songtoperson"}}, {"model": "auth.permission", "pk": 32, "fields": {"name": "Can change song to person", "content_type": 11, "codename": "change_songtoperson"}}, {"model": "auth.permission", "pk": 33, "fields": {"name": "Can delete song to person", "content_type": 11, "codename": "delete_songtoperson"}}, {"model": "auth.permission", "pk": 34, "fields": {"name": "Can add album", "content_type": 12, "codename": "add_album"}}, {"model": "auth.permission", "pk": 35, "fields": {"name": "Can change album", "content_type": 12, "codename": "change_album"}}, {"model": "auth.permission", "pk": 36, "fields": {"name": "Can delete album", "content_type": 12, "codename": "delete_album"}}, {"model": "auth.permission", "pk": 37, "fields": {"name": "Can add song part to person", "content_type": 13, "codename": "add_songparttoperson"}}, {"model": "auth.permission", "pk": 38, "fields": {"name": "Can change song part to person", "content_type": 13, "codename": "change_songparttoperson"}}, {"model": "auth.permission", "pk": 39, "fields": {"name": "Can delete song part to person", "content_type": 13, "codename": "delete_songparttoperson"}}, {"model": "auth.user", "pk": 1, "fields": {"password": "pbkdf2_sha256$30000$dLnApzrFH2Ys$a6wyQTYC6us2uD0HOPlBKmXFp1RSljFrIpcAwDwvi4I=", "last_login": "2018-02-25T00:20:43.375Z", "is_superuser": true, "username": "jackrabbit", "first_name": "", "last_name": "", "email": "", "is_staff": true, "is_active": true, "date_joined": "2018-02-23T21:22:37.093Z", "groups": [], "user_permissions": []}}, {"model": "admin.logentry", "pk": 1, "fields": {"action_time": "2018-02-23T21:23:19.665Z", "user": 1, "content_type": 12, "object_id": "1", "object_repr": "Saturation I", "action_flag": 1, "change_message": "[{\"added\": {}}]"}}, {"model": "admin.logentry", "pk": 2, "fields": {"action_time": "2018-02-23T21:23:35.062Z", "user": 1, "content_type": 12, "object_id": "2", "object_repr": "Saturation II", "action_flag": 1, "change_message": "[{\"added\": {}}]"}}, {"model": "admin.logentry", "pk": 3, "fields": {"action_time": "2018-02-23T21:23:50.776Z", "user": 1, "content_type": 12, "object_id": "3", "object_repr": "Saturation III", "action_flag": 1, "change_message": "[{\"added\": {}}]"}}, {"model": "admin.logentry", "pk": 4, "fields": {"action_time": "2018-02-23T21:24:34.134Z", "user": 1, "content_type": 8, "object_id": "1", "object_repr": "Gummy", "action_flag": 1, "change_message": "[{\"added\": {}}]"}}, {"model": "admin.logentry", "pk": 5, "fields": {"action_time": "2018-02-23T21:24:42.199Z", "user": 1, "content_type": 8, "object_id": "2", "object_repr": "Queer", "action_flag": 1, "change_message": "[{\"added\": {}}]"}}, {"model": "admin.logentry", "pk": 6, "fields": {"action_time": "2018-02-23T21:24:51.196Z", "user": 1, "content_type": 8, "object_id": "3", "object_repr": "Jello", "action_flag": 1, "change_message": "[{\"added\": {}}]"}}, {"model": "admin.logentry", "pk": 7, "fields": {"action_time": "2018-02-23T21:24:57.340Z", "user": 1, "content_type": 8, "object_id": "4", "object_repr": "Teeth", "action_flag": 1, "change_message": "[{\"added\": {}}]"}}, {"model": "admin.logentry", "pk": 8, "fields": {"action_time": "2018-02-23T21:25:09.464Z", "user": 1, "content_type": 8, "object_id": "5", "object_repr": "Swamp", "action_flag": 1, "change_message": "[{\"added\": {}}]"}}, {"model": "admin.logentry", "pk": 9, "fields": {"action_time": "2018-02-23T21:25:16.267Z", "user": 1, "content_type": 8, "object_id": "6", "object_repr": "Scene 1", "action_flag": 1, "change_message": "[{\"added\": {}}]"}}, {"model": "admin.logentry", "pk": 10, "fields": {"action_time": "2018-02-23T21:25:23.429Z", "user": 1, "content_type": 8, "object_id": "7", "object_repr": "Tokyo", "action_flag": 1, "change_message": "[{\"added\": {}}]"}}, {"model": "admin.logentry", "pk": 11, "fields": {"action_time": "2018-02-23T21:25:38.580Z", "user": 1, "content_type": 8, "object_id": "8", "object_repr": "Jesus", "action_flag": 1, "change_message": "[{\"added\": {}}]"}}, {"model": "admin.logentry", "pk": 12, "fields": {"action_time": "2018-02-23T21:25:46.876Z", "user": 1, "content_type": 8, "object_id": "9", "object_repr": "Chick", "action_flag": 1, "change_message": "[{\"added\": {}}]"}}, {"model": "admin.logentry", "pk": 13, "fields": {"action_time": "2018-02-23T21:25:54.278Z", "user": 1, "content_type": 8, "object_id": "10", "object_repr": "Junky", "action_flag": 1, "change_message": "[{\"added\": {}}]"}}, {"model": "admin.logentry", "pk": 14, "fields": {"action_time": "2018-02-23T21:26:08.678Z", "user": 1, "content_type": 8, "object_id": "11", "object_repr": "Scene 2", "action_flag": 1, "change_message": "[{\"added\": {}}]"}}, {"model": "admin.logentry", "pk": 15, "fields": {"action_time": "2018-02-23T21:26:18.040Z", "user": 1, "content_type": 8, "object_id": "12", "object_repr": "Fight", "action_flag": 1, "change_message": "[{\"added\": {}}]"}}, {"model": "admin.logentry", "pk": 16, "fields": {"action_time": "2018-02-23T21:26:27.764Z", "user": 1, "content_type": 8, "object_id": "13", "object_repr": "Sweet", "action_flag": 1, "change_message": "[{\"added\": {}}]"}}, {"model": "admin.logentry", "pk": 17, "fields": {"action_time": "2018-02-23T21:26:36.325Z", "user": 1, "content_type": 8, "object_id": "14", "object_repr": "Gamba", "action_flag": 1, "change_message": "[{\"added\": {}}]"}}, {"model": "admin.logentry", "pk": 18, "fields": {"action_time": "2018-02-23T21:26:46.758Z", "user": 1, "content_type": 8, "object_id": "15", "object_repr": "Sunny", "action_flag": 1, "change_message": "[{\"added\": {}}]"}}, {"model": "admin.logentry", "pk": 19, "fields": {"action_time": "2018-02-23T21:26:57.440Z", "user": 1, "content_type": 8, "object_id": "16", "object_repr": "Summer", "action_flag": 1, "change_message": "[{\"added\": {}}]"}}, {"model": "admin.logentry", "pk": 20, "fields": {"action_time": "2018-02-23T21:34:56.169Z", "user": 1, "content_type": 10, "object_id": "1", "object_repr": "Person object", "action_flag": 1, "change_message": "[{\"added\": {}}]"}}, {"model": "admin.logentry", "pk": 21, "fields": {"action_time": "2018-02-23T21:35:27.173Z", "user": 1, "content_type": 10, "object_id": "2", "object_repr": "Ameer Vann", "action_flag": 1, "change_message": "[{\"added\": {}}]"}}, {"model": "admin.logentry", "pk": 22, "fields": {"action_time": "2018-02-23T21:35:41.510Z", "user": 1, "content_type": 10, "object_id": "3", "object_repr": "Dom McLennon", "action_flag": 1, "change_message": "[{\"added\": {}}]"}}, {"model": "admin.logentry", "pk": 23, "fields": {"action_time": "2018-02-23T21:35:52.748Z", "user": 1, "content_type": 10, "object_id": "4", "object_repr": "Merlyn Wood", "action_flag": 1, "change_message": "[{\"added\": {}}]"}}, {"model": "admin.logentry", "pk": 24, "fields": {"action_time": "2018-02-23T21:36:04.866Z", "user": 1, "content_type": 10, "object_id": "5", "object_repr": "Matt Champion", "action_flag": 1, "change_message": "[{\"added\": {}}]"}}, {"model": "admin.logentry", "pk": 25, "fields": {"action_time": "2018-02-23T21:36:16.935Z", "user": 1, "content_type": 10, "object_id": "6", "object_repr": "Joba", "action_flag": 1, "change_message": "[{\"added\": {}}]"}}, {"model": "admin.logentry", "pk": 26, "fields": {"action_time": "2018-02-23T21:36:36.788Z", "user": 1, "content_type": 10, "object_id": "7", "object_repr": "Bear//Face", "action_flag": 1, "change_message": "[{\"added\": {}}]"}}, {"model": "admin.logentry", "pk": 27, "fields": {"action_time": "2018-02-23T21:37:00.492Z", "user": 1, "content_type": 10, "object_id": "8", "object_repr": "Romil Hemnani", "action_flag": 1, "change_message": "[{\"added\": {}}]"}}, {"model": "admin.logentry", "pk": 28, "fields": {"action_time": "2018-02-23T21:37:12.398Z", "user": 1, "content_type": 10, "object_id": "9", "object_repr": "Jabari Manwa", "action_flag": 1, "change_message": "[{\"added\": {}}]"}}, {"model": "admin.logentry", "pk": 29, "fields": {"action_time": "2018-02-23T21:37:19.789Z", "user": 1, "content_type": 10, "object_id": "10", "object_repr": "Kiko Merley", "action_flag": 1, "change_message": "[{\"added\": {}}]"}}, {"model": "admin.logentry", "pk": 30, "fields": {"action_time": "2018-02-23T21:37:29.569Z", "user": 1, "content_type": 10, "object_id": "11", "object_repr": "Henock Sileshi", "action_flag": 1, "change_message": "[{\"added\": {}}]"}}, {"model": "admin.logentry", "pk": 31, "fields": {"action_time": "2018-02-23T21:37:37.096Z", "user": 1, "content_type": 10, "object_id": "12", "object_repr": "Ashlan Grey", "action_flag": 1, "change_message": "[{\"added\": {}}]"}}, {"model": "admin.logentry", "pk": 32, "fields": {"action_time": "2018-02-23T21:37:45.493Z", "user": 1, "content_type": 10, "object_id": "13", "object_repr": "Robert Ontenient", "action_flag": 1, "change_message": "[{\"added\": {}}]"}}, {"model": "admin.logentry", "pk": 33, "fields": {"action_time": "2018-02-23T21:37:51.017Z", "user": 1, "content_type": 10, "object_id": "14", "object_repr": "Jon Nunes", "action_flag": 1, "change_message": "[{\"added\": {}}]"}}, {"model": "admin.logentry", "pk": 34, "fields": {"action_time": "2018-02-23T21:37:57.064Z", "user": 1, "content_type": 10, "object_id": "15", "object_repr": "Rodney Tenor", "action_flag": 1, "change_message": "[{\"added\": {}}]"}}, {"model": "admin.logentry", "pk": 35, "fields": {"action_time": "2018-02-23T21:38:02.527Z", "user": 1, "content_type": 10, "object_id": "16", "object_repr": "Albert Gordon", "action_flag": 1, "change_message": "[{\"added\": {}}]"}}, {"model": "admin.logentry", "pk": 36, "fields": {"action_time": "2018-02-23T21:38:15.352Z", "user": 1, "content_type": 10, "object_id": "17", "object_repr": "Franklin Mendez", "action_flag": 1, "change_message": "[{\"added\": {}}]"}}, {"model": "admin.logentry", "pk": 37, "fields": {"action_time": "2018-02-23T21:38:26.100Z", "user": 1, "content_type": 10, "object_id": "18", "object_repr": "Grayson Glynn Carter", "action_flag": 1, "change_message": "[{\"added\": {}}]"}}, {"model": "admin.logentry", "pk": 38, "fields": {"action_time": "2018-02-23T21:38:36.300Z", "user": 1, "content_type": 10, "object_id": "19", "object_repr": "Anish Ochani", "action_flag": 1, "change_message": "[{\"added\": {}}]"}}, {"model": "admin.logentry", "pk": 39, "fields": {"action_time": "2018-02-23T21:38:41.129Z", "user": 1, "content_type": 10, "object_id": "20", "object_repr": "Kevin Doan", "action_flag": 1, "change_message": "[{\"added\": {}}]"}}, {"model": "admin.logentry", "pk": 40, "fields": {"action_time": "2018-02-23T21:40:45.967Z", "user": 1, "content_type": 7, "object_id": "1", "object_repr": "SongPart object", "action_flag": 1, "change_message": "[{\"added\": {}}]"}}, {"model": "admin.logentry", "pk": 41, "fields": {"action_time": "2018-02-23T21:43:25.584Z", "user": 1, "content_type": 7, "object_id": "2", "object_repr": "Gummy Hook 2", "action_flag": 1, "change_message": "[{\"added\": {}}]"}}, {"model": "admin.logentry", "pk": 42, "fields": {"action_time": "2018-02-23T21:43:46.501Z", "user": 1, "content_type": 7, "object_id": "3", "object_repr": "Gummy Bridge 3", "action_flag": 1, "change_message": "[{\"added\": {}}]"}}, {"model": "admin.logentry", "pk": 43, "fields": {"action_time": "2018-02-23T21:44:02.161Z", "user": 1, "content_type": 7, "object_id": "4", "object_repr": "Gummy Verse 4", "action_flag": 1, "change_message": "[{\"added\": {}}]"}}, {"model": "admin.logentry", "pk": 44, "fields": {"action_time": "2018-02-23T21:44:19.548Z", "user": 1, "content_type": 7, "object_id": "5", "object_repr": "Gummy Verse 5", "action_flag": 1, "change_message": "[{\"added\": {}}]"}}, {"model": "admin.logentry", "pk": 45, "fields": {"action_time": "2018-02-23T21:44:47.307Z", "user": 1, "content_type": 7, "object_id": "6", "object_repr": "Gummy Hook 6", "action_flag": 1, "change_message": "[{\"added\": {}}]"}}, {"model": "admin.logentry", "pk": 46, "fields": {"action_time": "2018-02-23T21:45:25.518Z", "user": 1, "content_type": 7, "object_id": "7", "object_repr": "Gummy Bridge 7", "action_flag": 1, "change_message": "[{\"added\": {}}]"}}, {"model": "admin.logentry", "pk": 47, "fields": {"action_time": "2018-02-23T21:45:45.556Z", "user": 1, "content_type": 7, "object_id": "8", "object_repr": "Gummy Outro 8", "action_flag": 1, "change_message": "[{\"added\": {}}]"}}, {"model": "admin.logentry", "pk": 48, "fields": {"action_time": "2018-02-23T21:46:54.449Z", "user": 1, "content_type": 11, "object_id": "1", "object_repr": "SongToPerson object", "action_flag": 1, "change_message": "[{\"added\": {}}]"}}, {"model": "admin.logentry", "pk": 49, "fields": {"action_time": "2018-02-23T21:50:15.460Z", "user": 1, "content_type": 13, "object_id": "1", "object_repr": "Kevin Abstract wrote a Verse on Gummy", "action_flag": 1, "change_message": "[{\"added\": {}}]"}}, {"model": "admin.logentry", "pk": 50, "fields": {"action_time": "2018-02-23T21:50:27.022Z", "user": 1, "content_type": 13, "object_id": "2", "object_repr": "Kevin Abstract wrote a Hook on Gummy", "action_flag": 1, "change_message": "[{\"added\": {}}]"}}, {"model": "admin.logentry", "pk": 51, "fields": {"action_time": "2018-02-23T21:50:38.206Z", "user": 1, "content_type": 13, "object_id": "3", "object_repr": "Merlyn Wood wrote a Bridge on Gummy", "action_flag": 1, "change_message": "[{\"added\": {}}]"}}, {"model": "admin.logentry", "pk": 52, "fields": {"action_time": "2018-02-23T21:50:48.644Z", "user": 1, "content_type": 13, "object_id": "4", "object_repr": "Ameer Vann wrote a Verse on Gummy", "action_flag": 1, "change_message": "[{\"added\": {}}]"}}, {"model": "admin.logentry", "pk": 53, "fields": {"action_time": "2018-02-23T21:51:10.819Z", "user": 1, "content_type": 13, "object_id": "5", "object_repr": "Dom McLennon wrote a Verse on Gummy", "action_flag": 1, "change_message": "[{\"added\": {}}]"}}, {"model": "admin.logentry", "pk": 54, "fields": {"action_time": "2018-02-23T21:51:21.868Z", "user": 1, "content_type": 13, "object_id": "6", "object_repr": "Kevin Abstract wrote a Hook on Gummy", "action_flag": 1, "change_message": "[{\"added\": {}}]"}}, {"model": "admin.logentry", "pk": 55, "fields": {"action_time": "2018-02-23T21:51:29.095Z", "user": 1, "content_type": 13, "object_id": "7", "object_repr": "Matt Champion wrote a Bridge on Gummy", "action_flag": 1, "change_message": "[{\"added\": {}}]"}}, {"model": "admin.logentry", "pk": 56, "fields": {"action_time": "2018-02-23T21:51:35.789Z", "user": 1, "content_type": 13, "object_id": "8", "object_repr": "Kevin Abstract wrote a Outro on Gummy", "action_flag": 1, "change_message": "[{\"added\": {}}]"}}, {"model": "admin.logentry", "pk": 57, "fields": {"action_time": "2018-02-23T21:51:42.309Z", "user": 1, "content_type": 13, "object_id": "9", "object_repr": "Joba wrote a Outro on Gummy", "action_flag": 1, "change_message": "[{\"added\": {}}]"}}, {"model": "admin.logentry", "pk": 58, "fields": {"action_time": "2018-02-25T01:19:31.248Z", "user": 1, "content_type": 10, "object_id": "1", "object_repr": "Kevin Abstract", "action_flag": 2, "change_message": "[{\"changed\": {\"fields\": [\"img_sm\"]}}]"}}, {"model": "admin.logentry", "pk": 59, "fields": {"action_time": "2018-02-25T01:42:17.482Z", "user": 1, "content_type": 10, "object_id": "2", "object_repr": "Ameer Vann", "action_flag": 2, "change_message": "[{\"changed\": {\"fields\": [\"img_sm\"]}}]"}}, {"model": "admin.logentry", "pk": 60, "fields": {"action_time": "2018-02-25T01:42:31.273Z", "user": 1, "content_type": 10, "object_id": "6", "object_repr": "Joba", "action_flag": 2, "change_message": "[{\"changed\": {\"fields\": [\"img_sm\"]}}]"}}, {"model": "admin.logentry", "pk": 61, "fields": {"action_time": "2018-02-25T01:42:46.991Z", "user": 1, "content_type": 10, "object_id": "8", "object_repr": "Romil Hemnani", "action_flag": 2, "change_message": "[{\"changed\": {\"fields\": [\"img_sm\"]}}]"}}, {"model": "admin.logentry", "pk": 62, "fields": {"action_time": "2018-02-25T01:42:59.826Z", "user": 1, "content_type": 10, "object_id": "7", "object_repr": "Bear//Face", "action_flag": 2, "change_message": "[{\"changed\": {\"fields\": [\"img_sm\"]}}]"}}, {"model": "admin.logentry", "pk": 63, "fields": {"action_time": "2018-02-25T01:43:20.437Z", "user": 1, "content_type": 10, "object_id": "5", "object_repr": "Matt Champion", "action_flag": 2, "change_message": "[{\"changed\": {\"fields\": [\"img_sm\"]}}]"}}, {"model": "admin.logentry", "pk": 64, "fields": {"action_time": "2018-02-25T01:43:32.896Z", "user": 1, "content_type": 10, "object_id": "4", "object_repr": "Merlyn Wood", "action_flag": 2, "change_message": "[{\"changed\": {\"fields\": [\"img_sm\"]}}]"}}, {"model": "admin.logentry", "pk": 65, "fields": {"action_time": "2018-02-25T01:43:46.910Z", "user": 1, "content_type": 10, "object_id": "3", "object_repr": "Dom McLennon", "action_flag": 2, "change_message": "[{\"changed\": {\"fields\": [\"img_sm\"]}}]"}}, {"model": "admin.logentry", "pk": 66, "fields": {"action_time": "2018-02-25T01:43:54.965Z", "user": 1, "content_type": 10, "object_id": "1", "object_repr": "Kevin Abstract", "action_flag": 2, "change_message": "[]"}}, {"model": "admin.logentry", "pk": 67, "fields": {"action_time": "2018-02-25T16:42:42.999Z", "user": 1, "content_type": 7, "object_id": "1", "object_repr": "Gummy Verse 1", "action_flag": 2, "change_message": "[]"}}, {"model": "admin.logentry", "pk": 68, "fields": {"action_time": "2018-02-25T16:44:59.915Z", "user": 1, "content_type": 7, "object_id": "9", "object_repr": "Queer Verse 1", "action_flag": 1, "change_message": "[{\"added\": {}}]"}}, {"model": "admin.logentry", "pk": 69, "fields": {"action_time": "2018-02-25T16:45:14.570Z", "user": 1, "content_type": 7, "object_id": "10", "object_repr": "Queer Verse 2", "action_flag": 1, "change_message": "[{\"added\": {}}]"}}, {"model": "admin.logentry", "pk": 70, "fields": {"action_time": "2018-02-25T16:46:23.114Z", "user": 1, "content_type": 7, "object_id": "11", "object_repr": "Queer Pre-Chorus 3", "action_flag": 1, "change_message": "[{\"added\": {}}]"}}, {"model": "admin.logentry", "pk": 71, "fields": {"action_time": "2018-02-25T16:46:48.154Z", "user": 1, "content_type": 7, "object_id": "12", "object_repr": "Queer Hook 4", "action_flag": 1, "change_message": "[{\"added\": {}}]"}}, {"model": "admin.logentry", "pk": 72, "fields": {"action_time": "2018-02-25T16:47:10.530Z", "user": 1, "content_type": 7, "object_id": "13", "object_repr": "Queer Verse 5", "action_flag": 1, "change_message": "[{\"added\": {}}]"}}, {"model": "admin.logentry", "pk": 73, "fields": {"action_time": "2018-02-25T16:47:31.874Z", "user": 1, "content_type": 7, "object_id": "14", "object_repr": "Queer Pre-Chorus 6", "action_flag": 1, "change_message": "[{\"added\": {}}]"}}, {"model": "admin.logentry", "pk": 74, "fields": {"action_time": "2018-02-25T16:48:17.242Z", "user": 1, "content_type": 7, "object_id": "15", "object_repr": "Queer Hook 7", "action_flag": 1, "change_message": "[{\"added\": {}}]"}}, {"model": "admin.logentry", "pk": 75, "fields": {"action_time": "2018-02-25T16:48:32.153Z", "user": 1, "content_type": 7, "object_id": "16", "object_repr": "Queer Verse 8", "action_flag": 1, "change_message": "[{\"added\": {}}]"}}, {"model": "admin.logentry", "pk": 76, "fields": {"action_time": "2018-02-25T16:48:50.462Z", "user": 1, "content_type": 7, "object_id": "17", "object_repr": "Queer Hook 9", "action_flag": 1, "change_message": "[{\"added\": {}}]"}}, {"model": "admin.logentry", "pk": 77, "fields": {"action_time": "2018-02-25T16:49:55.574Z", "user": 1, "content_type": 13, "object_id": "10", "object_repr": "Matt Champion wrote a Verse on Queer", "action_flag": 1, "change_message": "[{\"added\": {}}]"}}, {"model": "admin.logentry", "pk": 78, "fields": {"action_time": "2018-02-25T16:50:08.764Z", "user": 1, "content_type": 13, "object_id": "11", "object_repr": "Merlyn Wood wrote a Verse on Queer", "action_flag": 1, "change_message": "[{\"added\": {}}]"}}, {"model": "admin.logentry", "pk": 79, "fields": {"action_time": "2018-02-25T16:50:22.578Z", "user": 1, "content_type": 13, "object_id": "12", "object_repr": "Matt Champion wrote a Pre-Chorus on Queer", "action_flag": 1, "change_message": "[{\"added\": {}}]"}}, {"model": "admin.logentry", "pk": 80, "fields": {"action_time": "2018-02-25T16:50:30.247Z", "user": 1, "content_type": 13, "object_id": "13", "object_repr": "Kevin Abstract wrote a Pre-Chorus on Queer", "action_flag": 1, "change_message": "[{\"added\": {}}]"}}, {"model": "admin.logentry", "pk": 81, "fields": {"action_time": "2018-02-25T16:50:42.381Z", "user": 1, "content_type": 13, "object_id": "14", "object_repr": "Kevin Abstract wrote a Hook on Queer", "action_flag": 1, "change_message": "[{\"added\": {}}]"}}, {"model": "admin.logentry", "pk": 82, "fields": {"action_time": "2018-02-25T16:50:55.825Z", "user": 1, "content_type": 13, "object_id": "15", "object_repr": "Dom McLennon wrote a Verse on Queer", "action_flag": 1, "change_message": "[{\"added\": {}}]"}}, {"model": "admin.logentry", "pk": 83, "fields": {"action_time": "2018-02-25T16:51:14.904Z", "user": 1, "content_type": 13, "object_id": "16", "object_repr": "Kevin Abstract wrote a Pre-Chorus on Queer", "action_flag": 1, "change_message": "[{\"added\": {}}]"}}, {"model": "admin.logentry", "pk": 84, "fields": {"action_time": "2018-02-25T16:51:25.495Z", "user": 1, "content_type": 13, "object_id": "17", "object_repr": "Matt Champion wrote a Pre-Chorus on Queer", "action_flag": 1, "change_message": "[{\"added\": {}}]"}}, {"model": "admin.logentry", "pk": 85, "fields": {"action_time": "2018-02-25T16:51:45.470Z", "user": 1, "content_type": 13, "object_id": "18", "object_repr": "Kevin Abstract wrote a Hook on Queer", "action_flag": 1, "change_message": "[{\"added\": {}}]"}}, {"model": "admin.logentry", "pk": 86, "fields": {"action_time": "2018-02-25T16:52:13.499Z", "user": 1, "content_type": 13, "object_id": "19", "object_repr": "Ameer Vann wrote a Verse on Queer", "action_flag": 1, "change_message": "[{\"added\": {}}]"}}, {"model": "admin.logentry", "pk": 87, "fields": {"action_time": "2018-02-25T16:52:23.835Z", "user": 1, "content_type": 13, "object_id": "20", "object_repr": "Kevin Abstract wrote a Hook on Queer", "action_flag": 1, "change_message": "[{\"added\": {}}]"}}, {"model": "admin.logentry", "pk": 88, "fields": {"action_time": "2018-02-25T16:52:58.435Z", "user": 1, "content_type": 11, "object_id": "2", "object_repr": "Romil Hemnani produced Queer", "action_flag": 1, "change_message": "[{\"added\": {}}]"}}, {"model": "admin.logentry", "pk": 89, "fields": {"action_time": "2018-02-25T16:53:45.062Z", "user": 1, "content_type": 11, "object_id": "3", "object_repr": "Bear//Face produced Jello", "action_flag": 1, "change_message": "[{\"added\": {}}]"}}, {"model": "admin.logentry", "pk": 90, "fields": {"action_time": "2018-02-25T16:53:58.392Z", "user": 1, "content_type": 11, "object_id": "4", "object_repr": "Romil Hemnani produced Jello", "action_flag": 1, "change_message": "[{\"added\": {}}]"}}, {"model": "admin.logentry", "pk": 91, "fields": {"action_time": "2018-02-25T16:54:17.222Z", "user": 1, "content_type": 11, "object_id": "5", "object_repr": "Romil Hemnani produced Teeth", "action_flag": 1, "change_message": "[{\"added\": {}}]"}}, {"model": "admin.logentry", "pk": 92, "fields": {"action_time": "2018-02-25T16:57:50.223Z", "user": 1, "content_type": 10, "object_id": "21", "object_repr": "Q3", "action_flag": 1, "change_message": "[{\"added\": {}}]"}}, {"model": "admin.logentry", "pk": 93, "fields": {"action_time": "2018-02-25T16:58:42.295Z", "user": 1, "content_type": 11, "object_id": "6", "object_repr": "Q3 produced Swamp", "action_flag": 1, "change_message": "[{\"added\": {}}]"}}, {"model": "admin.logentry", "pk": 94, "fields": {"action_time": "2018-02-25T16:59:12.365Z", "user": 1, "content_type": 11, "object_id": "7", "object_repr": "Romil Hemnani produced Scene 1", "action_flag": 1, "change_message": "[{\"added\": {}}]"}}, {"model": "admin.logentry", "pk": 95, "fields": {"action_time": "2018-02-25T17:02:32.893Z", "user": 1, "content_type": 10, "object_id": "9", "object_repr": "Jabari Manwa", "action_flag": 2, "change_message": "[{\"changed\": {\"fields\": [\"img_sm\"]}}]"}}, {"model": "admin.logentry", "pk": 96, "fields": {"action_time": "2018-02-25T17:03:33.869Z", "user": 1, "content_type": 10, "object_id": "10", "object_repr": "Kiko Merley", "action_flag": 2, "change_message": "[{\"changed\": {\"fields\": [\"img_sm\"]}}]"}}, {"model": "admin.logentry", "pk": 97, "fields": {"action_time": "2018-02-25T17:04:03.408Z", "user": 1, "content_type": 11, "object_id": "8", "object_repr": "Jabari Manwa produced Tokyo", "action_flag": 1, "change_message": "[{\"added\": {}}]"}}, {"model": "admin.logentry", "pk": 98, "fields": {"action_time": "2018-02-25T17:04:49.890Z", "user": 1, "content_type": 11, "object_id": "9", "object_repr": "Romil Hemnani produced Tokyo", "action_flag": 1, "change_message": "[{\"added\": {}}]"}}, {"model": "admin.logentry", "pk": 99, "fields": {"action_time": "2018-02-25T19:29:48.070Z", "user": 1, "content_type": 7, "object_id": "18", "object_repr": "Tokyo Chorus 4", "action_flag": 2, "change_message": "[{\"changed\": {\"fields\": [\"lyrics\"]}}]"}}, {"model": "admin.logentry", "pk": 100, "fields": {"action_time": "2018-02-25T19:30:24.901Z", "user": 1, "content_type": 7, "object_id": "20", "object_repr": "Tokyo Verse 1", "action_flag": 2, "change_message": "[{\"changed\": {\"fields\": [\"position\", \"lyrics\"]}}]"}}, {"model": "admin.logentry", "pk": 101, "fields": {"action_time": "2018-02-25T19:46:14.817Z", "user": 1, "content_type": 7, "object_id": "27", "object_repr": "Tokyo Verse 3", "action_flag": 3, "change_message": ""}}, {"model": "admin.logentry", "pk": 102, "fields": {"action_time": "2018-02-25T19:46:14.819Z", "user": 1, "content_type": 7, "object_id": "26", "object_repr": "Tokyo Verse 0", "action_flag": 3, "change_message": ""}}, {"model": "admin.logentry", "pk": 103, "fields": {"action_time": "2018-02-25T19:46:14.822Z", "user": 1, "content_type": 7, "object_id": "25", "object_repr": "Tokyo Outro 5", "action_flag": 3, "change_message": ""}}, {"model": "admin.logentry", "pk": 104, "fields": {"action_time": "2018-02-25T19:46:14.824Z", "user": 1, "content_type": 7, "object_id": "24", "object_repr": "Tokyo Chorus 1", "action_flag": 3, "change_message": ""}}, {"model": "admin.logentry", "pk": 105, "fields": {"action_time": "2018-02-25T19:46:14.826Z", "user": 1, "content_type": 7, "object_id": "23", "object_repr": "Tokyo Chorus 4", "action_flag": 3, "change_message": ""}}, {"model": "admin.logentry", "pk": 106, "fields": {"action_time": "2018-02-25T19:46:14.827Z", "user": 1, "content_type": 7, "object_id": "22", "object_repr": "Tokyo Verse 2", "action_flag": 3, "change_message": ""}}, {"model": "admin.logentry", "pk": 107, "fields": {"action_time": "2018-02-25T19:46:14.829Z", "user": 1, "content_type": 7, "object_id": "21", "object_repr": "Tokyo Verse 2", "action_flag": 3, "change_message": ""}}, {"model": "admin.logentry", "pk": 108, "fields": {"action_time": "2018-02-25T19:46:14.831Z", "user": 1, "content_type": 7, "object_id": "20", "object_repr": "Tokyo Verse 1", "action_flag": 3, "change_message": ""}}, {"model": "admin.logentry", "pk": 109, "fields": {"action_time": "2018-02-25T19:46:14.833Z", "user": 1, "content_type": 7, "object_id": "19", "object_repr": "Tokyo Verse 3", "action_flag": 3, "change_message": ""}}, {"model": "admin.logentry", "pk": 110, "fields": {"action_time": "2018-02-25T19:46:14.835Z", "user": 1, "content_type": 7, "object_id": "18", "object_repr": "Tokyo Chorus 4", "action_flag": 3, "change_message": ""}}, {"model": "admin.logentry", "pk": 111, "fields": {"action_time": "2018-02-25T19:46:57.425Z", "user": 1, "content_type": 7, "object_id": "28", "object_repr": "Tokyo Verse 2", "action_flag": 2, "change_message": "[{\"changed\": {\"fields\": [\"lyrics\"]}}]"}}, {"model": "admin.logentry", "pk": 112, "fields": {"action_time": "2018-02-25T20:08:25.245Z", "user": 1, "content_type": 13, "object_id": "26", "object_repr": "Kevin Abstract wrote a Chorus on Tokyo", "action_flag": 2, "change_message": "[]"}}, {"model": "admin.logentry", "pk": 113, "fields": {"action_time": "2018-02-25T20:08:55.763Z", "user": 1, "content_type": 7, "object_id": "48", "object_repr": "Tokyo Chorus 4", "action_flag": 3, "change_message": ""}}, {"model": "admin.logentry", "pk": 114, "fields": {"action_time": "2018-02-25T20:08:55.765Z", "user": 1, "content_type": 7, "object_id": "47", "object_repr": "Tokyo Verse 2", "action_flag": 3, "change_message": ""}}, {"model": "admin.logentry", "pk": 115, "fields": {"action_time": "2018-02-25T20:08:55.768Z", "user": 1, "content_type": 7, "object_id": "46", "object_repr": "Tokyo Chorus 1", "action_flag": 3, "change_message": ""}}, {"model": "admin.logentry", "pk": 116, "fields": {"action_time": "2018-02-25T20:08:55.771Z", "user": 1, "content_type": 7, "object_id": "45", "object_repr": "Tokyo Verse 3", "action_flag": 3, "change_message": ""}}, {"model": "admin.logentry", "pk": 117, "fields": {"action_time": "2018-02-25T20:08:55.773Z", "user": 1, "content_type": 7, "object_id": "44", "object_repr": "Tokyo Verse 0", "action_flag": 3, "change_message": ""}}, {"model": "admin.logentry", "pk": 118, "fields": {"action_time": "2018-02-25T20:08:55.775Z", "user": 1, "content_type": 7, "object_id": "43", "object_repr": "Tokyo Outro 5", "action_flag": 3, "change_message": ""}}, {"model": "admin.logentry", "pk": 119, "fields": {"action_time": "2018-02-25T20:08:55.777Z", "user": 1, "content_type": 7, "object_id": "42", "object_repr": "Tokyo Outro 5", "action_flag": 3, "change_message": ""}}, {"model": "admin.logentry", "pk": 120, "fields": {"action_time": "2018-02-25T20:08:55.779Z", "user": 1, "content_type": 7, "object_id": "41", "object_repr": "Tokyo Verse 3", "action_flag": 3, "change_message": ""}}, {"model": "admin.logentry", "pk": 121, "fields": {"action_time": "2018-02-25T20:08:55.781Z", "user": 1, "content_type": 7, "object_id": "40", "object_repr": "Tokyo Verse 3", "action_flag": 3, "change_message": ""}}, {"model": "admin.logentry", "pk": 122, "fields": {"action_time": "2018-02-25T20:08:55.783Z", "user": 1, "content_type": 7, "object_id": "39", "object_repr": "Tokyo Chorus 4", "action_flag": 3, "change_message": ""}}, {"model": "admin.logentry", "pk": 123, "fields": {"action_time": "2018-02-25T20:08:55.785Z", "user": 1, "content_type": 7, "object_id": "38", "object_repr": "Tokyo Outro 5", "action_flag": 3, "change_message": ""}}, {"model": "admin.logentry", "pk": 124, "fields": {"action_time": "2018-02-25T20:08:55.787Z", "user": 1, "content_type": 7, "object_id": "37", "object_repr": "Tokyo Verse 3", "action_flag": 3, "change_message": ""}}, {"model": "admin.logentry", "pk": 125, "fields": {"action_time": "2018-02-25T20:08:55.789Z", "user": 1, "content_type": 7, "object_id": "36", "object_repr": "Tokyo Verse 2", "action_flag": 3, "change_message": ""}}, {"model": "admin.logentry", "pk": 126, "fields": {"action_time": "2018-02-25T20:08:55.791Z", "user": 1, "content_type": 7, "object_id": "35", "object_repr": "Tokyo Verse 0", "action_flag": 3, "change_message": ""}}, {"model": "admin.logentry", "pk": 127, "fields": {"action_time": "2018-02-25T20:08:55.793Z", "user": 1, "content_type": 7, "object_id": "34", "object_repr": "Tokyo Chorus 1", "action_flag": 3, "change_message": ""}}, {"model": "admin.logentry", "pk": 128, "fields": {"action_time": "2018-02-25T20:08:55.795Z", "user": 1, "content_type": 7, "object_id": "33", "object_repr": "Tokyo Verse 3", "action_flag": 3, "change_message": ""}}, {"model": "admin.logentry", "pk": 129, "fields": {"action_time": "2018-02-25T20:08:55.798Z", "user": 1, "content_type": 7, "object_id": "32", "object_repr": "Tokyo Verse 0", "action_flag": 3, "change_message": ""}}, {"model": "admin.logentry", "pk": 130, "fields": {"action_time": "2018-02-25T20:08:55.800Z", "user": 1, "content_type": 7, "object_id": "31", "object_repr": "Tokyo Outro 5", "action_flag": 3, "change_message": ""}}, {"model": "admin.logentry", "pk": 131, "fields": {"action_time": "2018-02-25T20:08:55.802Z", "user": 1, "content_type": 7, "object_id": "30", "object_repr": "Tokyo Chorus 1", "action_flag": 3, "change_message": ""}}, {"model": "admin.logentry", "pk": 132, "fields": {"action_time": "2018-02-25T20:08:55.805Z", "user": 1, "content_type": 7, "object_id": "29", "object_repr": "Tokyo Chorus 4", "action_flag": 3, "change_message": ""}}, {"model": "admin.logentry", "pk": 133, "fields": {"action_time": "2018-02-25T20:08:55.807Z", "user": 1, "content_type": 7, "object_id": "28", "object_repr": "Tokyo Verse 2", "action_flag": 3, "change_message": ""}}, {"model": "admin.logentry", "pk": 134, "fields": {"action_time": "2018-02-25T20:26:42.589Z", "user": 1, "content_type": 13, "object_id": "33", "object_repr": "Kevin Abstract wrote a Verse on Jesus", "action_flag": 3, "change_message": ""}}, {"model": "admin.logentry", "pk": 135, "fields": {"action_time": "2018-02-25T20:28:26.570Z", "user": 1, "content_type": 7, "object_id": "55", "object_repr": "Jesus Verse 0", "action_flag": 3, "change_message": ""}}, {"model": "admin.logentry", "pk": 136, "fields": {"action_time": "2018-02-25T20:29:32.166Z", "user": 1, "content_type": 10, "object_id": "7", "object_repr": "Bearface", "action_flag": 2, "change_message": "[{\"changed\": {\"fields\": [\"name\"]}}]"}}, {"model": "admin.logentry", "pk": 137, "fields": {"action_time": "2018-02-25T20:29:42.078Z", "user": 1, "content_type": 13, "object_id": "34", "object_repr": "Kevin Abstract wrote a Verse on Jesus", "action_flag": 3, "change_message": ""}}, {"model": "admin.logentry", "pk": 138, "fields": {"action_time": "2018-02-25T20:30:09.901Z", "user": 1, "content_type": 7, "object_id": "57", "object_repr": "Jesus Outro 0", "action_flag": 3, "change_message": ""}}, {"model": "admin.logentry", "pk": 139, "fields": {"action_time": "2018-02-25T20:30:09.904Z", "user": 1, "content_type": 7, "object_id": "56", "object_repr": "Jesus Verse 0", "action_flag": 3, "change_message": ""}}, {"model": "admin.logentry", "pk": 140, "fields": {"action_time": "2018-02-25T20:41:19.805Z", "user": 1, "content_type": 7, "object_id": "70", "object_repr": "Junky Bridge 0", "action_flag": 3, "change_message": ""}}, {"model": "admin.logentry", "pk": 141, "fields": {"action_time": "2018-02-25T20:41:19.808Z", "user": 1, "content_type": 7, "object_id": "69", "object_repr": "Junky Intro 0", "action_flag": 3, "change_message": ""}}, {"model": "admin.logentry", "pk": 142, "fields": {"action_time": "2018-02-25T20:41:19.810Z", "user": 1, "content_type": 7, "object_id": "68", "object_repr": "Junky Verse 0", "action_flag": 3, "change_message": ""}}, {"model": "admin.logentry", "pk": 143, "fields": {"action_time": "2018-02-25T20:41:19.813Z", "user": 1, "content_type": 7, "object_id": "67", "object_repr": "Junky Verse 0", "action_flag": 3, "change_message": ""}}, {"model": "admin.logentry", "pk": 144, "fields": {"action_time": "2018-02-25T20:41:19.815Z", "user": 1, "content_type": 7, "object_id": "66", "object_repr": "Junky Bridge 0", "action_flag": 3, "change_message": ""}}, {"model": "admin.logentry", "pk": 145, "fields": {"action_time": "2018-02-25T20:41:19.817Z", "user": 1, "content_type": 7, "object_id": "65", "object_repr": "Junky Outro 0", "action_flag": 3, "change_message": ""}}, {"model": "admin.logentry", "pk": 146, "fields": {"action_time": "2018-02-25T20:46:22.231Z", "user": 1, "content_type": 10, "object_id": "13", "object_repr": "Robert Ontenient", "action_flag": 2, "change_message": "[{\"changed\": {\"fields\": [\"img_sm\"]}}]"}}, {"model": "admin.logentry", "pk": 147, "fields": {"action_time": "2018-02-25T20:51:37.544Z", "user": 1, "content_type": 13, "object_id": "59", "object_repr": "Ameer Vann wrote a Verse on Fight", "action_flag": 3, "change_message": ""}}, {"model": "admin.logentry", "pk": 148, "fields": {"action_time": "2018-02-25T20:51:37.546Z", "user": 1, "content_type": 13, "object_id": "58", "object_repr": "Dom McLennon wrote a Verse on Fight", "action_flag": 3, "change_message": ""}}, {"model": "admin.logentry", "pk": 149, "fields": {"action_time": "2018-02-25T20:51:54.522Z", "user": 1, "content_type": 7, "object_id": "82", "object_repr": "Fight Chorus 2", "action_flag": 3, "change_message": ""}}, {"model": "admin.logentry", "pk": 150, "fields": {"action_time": "2018-02-25T20:51:54.524Z", "user": 1, "content_type": 7, "object_id": "81", "object_repr": "Fight Verse 0", "action_flag": 3, "change_message": ""}}, {"model": "admin.logentry", "pk": 151, "fields": {"action_time": "2018-02-25T20:51:54.527Z", "user": 1, "content_type": 7, "object_id": "80", "object_repr": "Fight Verse 1", "action_flag": 3, "change_message": ""}}, {"model": "admin.logentry", "pk": 152, "fields": {"action_time": "2018-02-25T20:54:49.386Z", "user": 1, "content_type": 7, "object_id": "85", "object_repr": "Fight Chorus 2", "action_flag": 3, "change_message": ""}}, {"model": "admin.logentry", "pk": 153, "fields": {"action_time": "2018-02-25T20:54:49.388Z", "user": 1, "content_type": 7, "object_id": "84", "object_repr": "Fight Verse 0", "action_flag": 3, "change_message": ""}}, {"model": "admin.logentry", "pk": 154, "fields": {"action_time": "2018-02-25T20:54:49.392Z", "user": 1, "content_type": 7, "object_id": "83", "object_repr": "Fight Verse 1", "action_flag": 3, "change_message": ""}}, {"model": "admin.logentry", "pk": 155, "fields": {"action_time": "2018-02-25T20:57:47.268Z", "user": 1, "content_type": 7, "object_id": "90", "object_repr": "Fight Outro 4", "action_flag": 3, "change_message": ""}}, {"model": "admin.logentry", "pk": 156, "fields": {"action_time": "2018-02-25T20:57:47.271Z", "user": 1, "content_type": 7, "object_id": "89", "object_repr": "Fight Bridge 3", "action_flag": 3, "change_message": ""}}, {"model": "admin.logentry", "pk": 157, "fields": {"action_time": "2018-02-25T20:57:47.273Z", "user": 1, "content_type": 7, "object_id": "88", "object_repr": "Fight Chorus 2", "action_flag": 3, "change_message": ""}}, {"model": "admin.logentry", "pk": 158, "fields": {"action_time": "2018-02-25T20:57:47.276Z", "user": 1, "content_type": 7, "object_id": "87", "object_repr": "Fight Verse 0", "action_flag": 3, "change_message": ""}}, {"model": "admin.logentry", "pk": 159, "fields": {"action_time": "2018-02-25T20:57:47.277Z", "user": 1, "content_type": 7, "object_id": "86", "object_repr": "Fight Verse 1", "action_flag": 3, "change_message": ""}}, {"model": "admin.logentry", "pk": 160, "fields": {"action_time": "2018-02-25T21:01:27.279Z", "user": 1, "content_type": 7, "object_id": "105", "object_repr": "Gamba I 0", "action_flag": 3, "change_message": ""}}, {"model": "admin.logentry", "pk": 161, "fields": {"action_time": "2018-02-25T21:01:27.282Z", "user": 1, "content_type": 7, "object_id": "104", "object_repr": "Gamba Outro 7", "action_flag": 3, "change_message": ""}}]